-- phpMyAdmin SQL Dump
-- version 5.2.1
-- https://www.phpmyadmin.net/
--
-- Host: 127.0.0.1
-- Generation Time: Sep 12, 2024 at 09:08 AM
-- Server version: 10.4.32-MariaDB
-- PHP Version: 8.2.12

SET SQL_MODE = "NO_AUTO_VALUE_ON_ZERO";
START TRANSACTION;
SET time_zone = "+00:00";


/*!40101 SET @OLD_CHARACTER_SET_CLIENT=@@CHARACTER_SET_CLIENT */;
/*!40101 SET @OLD_CHARACTER_SET_RESULTS=@@CHARACTER_SET_RESULTS */;
/*!40101 SET @OLD_COLLATION_CONNECTION=@@COLLATION_CONNECTION */;
/*!40101 SET NAMES utf8mb4 */;

--
-- Database: `swtrecipe_system`
--

-- --------------------------------------------------------

--
-- Table structure for table `ingredients`
--

CREATE TABLE `ingredients` (
  `Ingredient_ID` int(255) NOT NULL,
  `Ingredient_Name` varchar(100) NOT NULL
) ENGINE=InnoDB DEFAULT CHARSET=utf8mb4 COLLATE=utf8mb4_general_ci;

--
-- Dumping data for table `ingredients`
--

INSERT INTO `ingredients` (`Ingredient_ID`, `Ingredient_Name`) VALUES
(800, '[FOR THE CAKE BATTER]'),
(801, 'White sugar'),
(802, 'Kosher salt'),
(803, ' Dutch-process cocoa powder'),
(804, 'Baking soda'),
(805, 'Baking powder'),
(806, 'Freshly brewed coffee, steaming hot'),
(807, 'Milk'),
(808, ' Vanilla extract'),
(809, 'Large eggs'),
(810, 'Vegetable oil'),
(811, 'Cake flour '),
(812, ' [FOR THE BUTTERCREAM]'),
(813, 'White sugar'),
(814, 'Dutch-process cocoa powder'),
(815, 'Egg yolks'),
(816, 'Vanilla extract'),
(817, 'Whole milk'),
(818, 'Chocolate Bar'),
(840, '[BROWNIE BATTER]'),
(841, 'Unsalted butter'),
(842, ' Semisweet chocolate chips'),
(843, 'White sugar'),
(844, 'Brown sugar'),
(845, 'Cocoa powder'),
(846, 'Vanilla extract'),
(847, 'Salt'),
(848, 'Large eggs'),
(849, 'All-purpose flour'),
(850, '[COOKIE DOUGH]'),
(851, 'Unsalted butter'),
(852, 'White sugar'),
(853, 'Brown sugar'),
(854, 'Vanilla extract'),
(855, 'Large egg'),
(856, 'Salt'),
(857, 'Baking powder'),
(858, 'Baking soda'),
(859, 'All-purpose flour'),
(860, 'Semi-sweet chocolate chips'),
(910, 'Active sourdough starter'),
(911, 'Warm water'),
(912, 'Bread flour'),
(913, 'Sea salt'),
(914, 'Olive oil'),
(966, 'Cake flour'),
(967, 'White sugar'),
(968, 'Baking powder'),
(969, 'Salt'),
(970, 'Large egg yolks'),
(971, 'Cold water'),
(972, 'Vegetable oil '),
(973, 'Vanilla extract'),
(974, 'Large eggs whites'),
(975, 'Cream of tartar'),
(1069, 'All-purpose flour'),
(1070, 'Butter'),
(1071, 'Salt'),
(1072, 'Vegetable shortening'),
(1073, 'Cold water'),
(1074, 'Young coconut meat'),
(1075, 'White sugar'),
(1076, 'Cornstarch'),
(1077, 'Coconut water'),
(1078, 'Evaporated milk'),
(1109, 'Butter'),
(1110, 'Cream Cheese'),
(1111, 'Milk'),
(1112, 'Large egg yolks'),
(1113, 'Cake flour'),
(1114, 'Cornstarch'),
(1115, 'Large egg whites'),
(1116, 'White sugar'),
(1126, 'For the Cake:'),
(1127, 'Grated cassava'),
(1128, 'Desiccated coconut (Optional)'),
(1129, 'Condensed milk'),
(1130, 'Evaporated milk'),
(1131, 'Coconut milk'),
(1132, 'Brown sugar'),
(1133, 'Egg yolks'),
(1134, 'For the Custard Topping:'),
(1135, 'Condensed milk'),
(1136, 'Evaporated milk'),
(1137, 'Coconut milk'),
(1138, 'Egg yolks'),
(1139, 'All-purpose flour'),
(1140, 'Grated Cheese'),
(1141, 'All-purpose flour'),
(1142, 'Baking powder'),
(1143, 'Baking soda'),
(1144, 'Salt'),
(1145, 'Cinnamon powder'),
(1146, 'Nutmeg powder'),
(1147, 'Vegetable oil'),
(1148, 'White sugar'),
(1149, 'Brown sugar'),
(1150, 'Large eggs'),
(1151, 'Vanilla extract'),
(1152, 'Grated carrots'),
(1153, 'Chopped pilinuts'),
(1154, 'Cream cheese '),
(1155, 'Unsalted butter'),
(1156, 'Vanilla extract'),
(1157, 'Powdered sugar'),
(1158, 'All-purpose flour'),
(1159, 'Powdered sugar'),
(1160, 'Salt'),
(1161, 'Unsalted melted butter'),
(1162, 'Lemon zest  (three lemons)'),
(1163, 'White sugar'),
(1164, 'Large eggs'),
(1165, 'Lemon juice'),
(1166, 'Salted butter'),
(1167, 'Vanilla extract'),
(1168, 'All-purpose flour'),
(1169, 'Powdered sugar'),
(1188, 'All-purpose flour'),
(1189, 'Natural cocoa powder'),
(1190, 'Baking soda'),
(1191, 'Salt'),
(1192, 'Unsalted butter'),
(1193, 'White sugar'),
(1194, 'Brown sugar'),
(1195, 'Large egg'),
(1196, 'Red gel food color'),
(1197, 'Vanilla extract'),
(1198, 'White venegar'),
(1199, 'White chocolate chips'),
(1209, 'Unsalted butter'),
(1210, 'White sugar'),
(1211, 'Brown sugar'),
(1212, 'Large egg'),
(1213, 'Pure vanilla extract'),
(1214, 'All-purpose flour'),
(1215, 'Dutch cocoa powder'),
(1216, 'Baking soda'),
(1217, 'Salt'),
(1218, 'For the Cupcake Batter:'),
(1219, 'Natural cocoa powder'),
(1220, 'Salt'),
(1221, 'Baking powder'),
(1222, 'Baking soda'),
(1223, 'All-purpose sweetener'),
(1224, 'Unsalted butter'),
(1225, 'Large eggs'),
(1226, 'Sour cream'),
(1227, 'Milk'),
(1228, 'Vanilla extract'),
(1229, 'All-purpose flour'),
(1230, 'For the Buttercream Frosting:'),
(1231, 'Unsalted butter'),
(1232, 'Powdered sugar'),
(1233, 'Vanilla extract'),
(1234, 'Salt'),
(1235, 'Food coloring (Optional)'),
(1236, 'All-purpose flour'),
(1237, 'Baking powder'),
(1238, 'Salt'),
(1239, 'Unsalted butter'),
(1240, 'White sugar'),
(1241, 'Large egg'),
(1242, 'Vanilla extract'),
(1243, 'Red gel food color'),
(1244, 'Peppermint extract'),
(1245, 'Crushed peppermint candies'),
(1262, 'Medium ripe bananas'),
(1263, 'Unsalted butter'),
(1264, 'Baking soda'),
(1265, 'Salt'),
(1266, 'Brown sugar'),
(1267, 'Large egg'),
(1268, 'Vanilla extract'),
(1269, 'All-purpose flour'),
(1279, 'Cream cheese'),
(1280, 'Powdered sugar'),
(1281, 'Heavy whipping cream'),
(1282, 'Oreo Cookies'),
(1283, 'Ripe mangoes'),
(1284, 'All-purpose cream'),
(1285, 'Condensed milk'),
(1286, 'Vanilla extract'),
(1287, 'Salt'),
(1288, 'Graham crackers'),
(1309, 'Apple slices'),
(1310, 'Lemon juice'),
(1311, 'White sugar'),
(1312, 'All-purpose flour'),
(1313, 'Ground cinnamon'),
(1314, 'Ground nutmeg'),
(1315, 'Double-crust pie dough'),
(1316, 'Unsalted butter'),
(1317, 'Large egg'),
(1550, 'Homemade pie crust'),
(1551, 'Fresh cherries'),
(1552, 'White sugar'),
(1553, 'Cornstarch'),
(1554, 'Lemon juice'),
(1555, 'Vanilla extract'),
(1556, 'Almond extract'),
(1557, 'Unsalted butter'),
(1558, 'Large egg'),
(1559, 'Milk'),
(1560, 'Miked dried fruit'),
(1561, 'Brewed strong black tea'),
(1562, 'Unsalted butter'),
(1563, 'Dark muscovado sugar'),
(1564, 'Large eggs'),
(1565, 'All-purpose flour'),
(1566, 'Cane molasses'),
(1567, 'Brandy (sherry)'),
(1568, 'Ground nutmeg'),
(1569, 'Freshly squeezed lemon juice'),
(1570, 'Baking powder'),
(1571, 'Ground almonds'),
(1572, 'Glacé cherries'),
(1573, 'Candied orange peel'),
(1610, 'Cream cheese'),
(1611, 'White sugar'),
(1612, 'Large eggs'),
(1613, 'Ube halaya'),
(1614, 'Ube extract'),
(1615, 'Vanilla extract'),
(1616, 'Salt'),
(1617, 'Heavy cream'),
(1618, 'All-purpose flour'),
(1619, 'Cake flour'),
(1620, 'Baking powder'),
(1621, 'Baking soda'),
(1622, 'Salt'),
(1623, 'Unsalted butter'),
(1624, 'White sugar'),
(1625, 'Large egg whites'),
(1626, 'Pure vanilla extract'),
(1627, 'Full-fat sour cream'),
(1628, 'Whole milk'),
(1629, 'Rainbow sprinkles'),
(1630, 'Medium ripe bananas'),
(1631, 'Unsalted butter'),
(1632, 'Brown sugar'),
(1633, 'Large eggs'),
(1634, 'Milk'),
(1635, 'Vanilla extract'),
(1636, 'All-purpose flour'),
(1637, 'Ground cinnamon'),
(1638, 'Baking soda'),
(1639, 'Salt'),
(1640, 'Chocolate chips'),
(1641, 'Pecans (any nuts)'),
(1652, 'Cake flour'),
(1653, 'Baking powder'),
(1654, 'Salt'),
(1655, 'Buttermilk'),
(1656, 'Ube jam'),
(1657, 'Ube extract'),
(1658, 'Unsalted butter'),
(1659, 'Vegetable oil'),
(1660, 'Brown sugar'),
(1661, 'Large egg yolks'),
(1662, 'Large eggs'),
(1663, 'For FROSTING'),
(1664, 'Unsalted butter'),
(1665, 'Sweetened condensed milk'),
(1666, 'Salt'),
(1667, 'Vanilla extract'),
(1668, 'Egg whites'),
(1669, 'All-purpose flour'),
(1670, 'White sugar'),
(1671, 'Baking powder'),
(1672, 'Salt'),
(1673, 'Egg yolks'),
(1674, 'Cooking oil'),
(1675, 'Milk'),
(1676, 'Ube liquid flavoring'),
(1677, 'Ube halaya'),
(1678, 'All-purpose flour'),
(1679, 'Butter'),
(1680, 'Vegetable oil'),
(1681, 'Large eggs'),
(1682, 'Baking powder'),
(1683, 'Salt'),
(1684, 'Milk'),
(1685, 'White sugar'),
(1686, 'Cocoa powder'),
(1687, 'Chocolate chips'),
(1688, 'Coffee powder'),
(1689, 'Unsalted butter'),
(1690, 'Cream cheese'),
(1691, 'White sugar'),
(1692, 'All-purpose flour'),
(1693, 'Salt'),
(1694, 'Vanilla extract'),
(1695, 'Large eggs'),
(1696, 'Heavy cream'),
(1697, 'Milk'),
(1698, 'White sugar'),
(1699, 'Softened shortening'),
(1700, 'Active dry yeast'),
(1701, 'Warm water'),
(1702, 'All-purpose flour'),
(1703, 'Egg yolks'),
(1704, 'Salt'),
(1705, 'Softened Butter'),
(1706, 'For toppings: Butter'),
(1707, 'Powdered sugar'),
(1708, 'Grated cheddar cheese'),
(1709, 'For the Pistachio Ganache:'),
(1710, 'Heavy cream'),
(1711, 'Shelled and peeled unsalted pistachios'),
(1712, 'White chocolate chips'),
(1713, 'Neon green gel food coloring'),
(1714, 'Fine salt'),
(1715, 'For the Macarons Shells:'),
(1716, 'Large egg whites'),
(1717, 'Cream of tartar'),
(1718, 'White sugar'),
(1719, 'Green gel food coloring'),
(1720, 'Powdered sugar'),
(1721, 'Blanched almond flour'),
(1722, 'Finely ground pistachios'),
(1723, 'For the Cake Batter:'),
(1724, 'Salt'),
(1725, 'Baking soda'),
(1726, 'Unsalted butter'),
(1727, 'White sugar'),
(1728, 'Large eggs'),
(1729, 'Vanilla extract'),
(1730, 'Natural cocoa powder'),
(1731, 'Buttermilk'),
(1732, 'White vinegar'),
(1733, 'Red gel food color'),
(1734, 'All-purpose flour'),
(1735, 'For the Cream Cheese Frosting:'),
(1736, 'Cream cheese'),
(1737, 'Unsalted butter'),
(1738, 'Vanilla extract'),
(1739, 'Salt'),
(1740, 'Powdered sugar');

-- --------------------------------------------------------

--
-- Table structure for table `rcp_categories`
--

CREATE TABLE `rcp_categories` (
  `Category_ID` int(100) NOT NULL,
  `Category_Name` varchar(100) NOT NULL,
  `Category_Criteria` varchar(50) NOT NULL,
  `Num_of_Recipes` int(100) NOT NULL,
  `Status` varchar(50) NOT NULL DEFAULT 'Active',
  `Date_Created` timestamp NOT NULL DEFAULT current_timestamp(),
  `Date_Updated` timestamp NOT NULL DEFAULT current_timestamp() ON UPDATE current_timestamp()
) ENGINE=InnoDB DEFAULT CHARSET=utf8mb4 COLLATE=utf8mb4_general_ci;

--
-- Dumping data for table `rcp_categories`
--

INSERT INTO `rcp_categories` (`Category_ID`, `Category_Name`, `Category_Criteria`, `Num_of_Recipes`, `Status`, `Date_Created`, `Date_Updated`) VALUES
(119, 'Bread', 'Dessert', 3, 'Active', '2024-06-03 11:26:11', '2024-08-29 04:35:40'),
(120, 'Cake', 'Dessert', 14, 'Active', '2024-06-03 11:26:19', '2024-08-29 04:20:00'),
(121, 'Cookie', 'Dessert', 6, 'Active', '2024-06-03 11:26:25', '2024-08-29 04:50:03'),
(122, 'Birthday', 'Occasion', 2, 'Active', '2024-06-04 06:31:17', '2024-08-13 22:19:47'),
(132, 'Cupcake', 'Dessert', 2, 'Active', '2024-06-05 21:45:37', '2024-08-15 15:13:42'),
(134, 'Dairy-Free', 'Dietary', 2, 'Active', '2024-06-08 11:56:02', '2024-08-14 19:23:31'),
(135, 'Cookie Bar', 'Dessert', 2, 'Active', '2024-06-10 03:43:13', '2024-08-15 15:12:57'),
(136, 'Vegan', 'Dietary', 3, 'Active', '2024-06-13 12:14:23', '2024-08-14 19:23:34'),
(137, 'Pie/ Tart', 'Dessert', 7, 'Active', '2024-06-13 12:15:37', '2024-08-29 04:20:00'),
(147, 'Gluten-Free', 'Dietary', 1, 'Active', '2024-08-05 21:12:36', '2024-08-14 19:23:29'),
(148, 'Filipino', 'Cuisine', 9, 'Active', '2024-08-10 22:43:00', '2024-08-29 04:35:40'),
(149, 'Christmas', 'Occasion', 5, 'Active', '2024-08-10 22:43:22', '2024-08-19 18:11:01'),
(150, 'American', 'Cuisine', 20, 'Active', '2024-08-10 22:43:32', '2024-08-29 04:20:00'),
(151, 'Japanese', 'Cuisine', 1, 'Active', '2024-08-10 22:44:39', '2024-08-14 19:23:38'),
(153, 'Healthy', 'Dietary', 3, 'Active', '2024-08-11 12:19:15', '2024-08-20 14:37:57'),
(154, 'Party', 'Occasion', 3, 'Active', '2024-08-11 12:19:51', '2024-08-14 19:23:21'),
(155, 'British', 'Cuisine', 3, 'Active', '2024-08-11 12:22:28', '2024-08-29 04:50:03'),
(157, 'No-Bake', 'Dessert', 2, 'Active', '2024-08-13 09:59:01', '2024-08-14 19:23:23'),
(159, 'Wedding', 'Occasion', 2, 'Active', '2024-08-13 10:03:11', '2024-08-29 04:50:28'),
(162, 'Festival', 'Occasion', 1, 'Active', '2024-08-14 00:12:57', '2024-08-18 16:21:32'),
(163, 'Nut-Free', 'Dietary', 3, 'Active', '2024-08-14 00:14:16', '2024-08-29 04:35:40'),
(169, 'Spanish', 'Cuisine', 2, 'Active', '2024-08-20 14:00:42', '2024-08-29 04:20:00');

-- --------------------------------------------------------

--
-- Table structure for table `rcp_ingredients`
--

CREATE TABLE `rcp_ingredients` (
  `Rcp_ingredient_ID` bigint(100) NOT NULL,
  `Recipe_ID` int(255) NOT NULL,
  `Ingredient_ID` int(50) NOT NULL,
  `Ingredient_quantity` varchar(100) NOT NULL,
  `Ingredient_unit` varchar(100) NOT NULL
) ENGINE=InnoDB DEFAULT CHARSET=utf8mb4 COLLATE=utf8mb4_general_ci;

--
-- Dumping data for table `rcp_ingredients`
--

INSERT INTO `rcp_ingredients` (`Rcp_ingredient_ID`, `Recipe_ID`, `Ingredient_ID`, `Ingredient_quantity`, `Ingredient_unit`) VALUES
(931, 1103, 800, '---', '---'),
(932, 1103, 801, '2¼', 'cups'),
(933, 1103, 802, '2', 'tsps'),
(934, 1103, 803, '1', 'cup'),
(935, 1103, 804, '1½', 'tsp'),
(936, 1103, 805, '1½', 'tsp'),
(937, 1103, 806, '¾', 'cup'),
(938, 1103, 807, '1', 'cup'),
(939, 1103, 808, '1', 'tbsp'),
(940, 1103, 809, '5', 'pcs'),
(941, 1103, 810, '¾', 'cup'),
(942, 1103, 811, '2', 'cups'),
(943, 1103, 812, '---', '---'),
(944, 1103, 813, '½', 'cup'),
(945, 1103, 814, '3', 'tbsps'),
(946, 1103, 815, '4', 'pcs'),
(947, 1103, 816, '2', 'tsps'),
(948, 1103, 817, '1', 'cup'),
(949, 1103, 818, '8', 'oz'),
(971, 1104, 840, '--', '--'),
(972, 1104, 841, '½', 'cup'),
(973, 1104, 842, '¾', 'cups'),
(974, 1104, 843, '½', 'cup'),
(975, 1104, 844, '½', 'cup'),
(976, 1104, 845, '⅓', 'cup'),
(977, 1104, 846, '1', 'tsp'),
(978, 1104, 847, '½', 'tsp'),
(979, 1104, 848, '2', 'pcs'),
(980, 1104, 849, '½', 'cup'),
(981, 1104, 850, '--', '--'),
(982, 1104, 851, '½', 'cup'),
(983, 1104, 852, '½', 'cup'),
(984, 1104, 853, '1/4', 'cup'),
(985, 1104, 854, '1', 'tsp'),
(986, 1104, 855, '1', 'pc'),
(987, 1104, 856, '½', 'tsp'),
(988, 1104, 857, '½', 'tsp'),
(989, 1104, 858, '1/4', 'tsp'),
(990, 1104, 859, '1 1/3', 'cups'),
(991, 1104, 860, '1', 'cup'),
(1041, 1108, 910, '1/2', 'cup'),
(1042, 1108, 911, '1 1/2', 'cups'),
(1043, 1108, 912, '5', 'cups'),
(1044, 1108, 913, '2.5', 'tsp'),
(1045, 1108, 914, '1/3', 'cup'),
(1097, 1111, 966, '1¾', 'cups'),
(1098, 1111, 967, '1¼', 'cups'),
(1099, 1111, 968, '1', 'tbsp'),
(1100, 1111, 969, '¾', 'tsp'),
(1101, 1111, 970, '7', 'pcs'),
(1102, 1111, 971, '¾', 'cup'),
(1103, 1111, 972, '½', 'cup'),
(1104, 1111, 973, '2', 'tsps'),
(1105, 1111, 974, '7', 'pcs'),
(1106, 1111, 975, '½', 'tsp'),
(1200, 1119, 1069, '2', 'cups'),
(1201, 1119, 1070, '1/3', 'cup'),
(1202, 1119, 1071, '1', 'tsp'),
(1203, 1119, 1072, '1/3', 'cup'),
(1204, 1119, 1073, '6-8', 'tbsps'),
(1205, 1119, 1074, '2', 'cups'),
(1206, 1119, 1075, '3/4', 'cup'),
(1207, 1119, 1076, '1/2', 'cup'),
(1208, 1119, 1077, '1/2', 'cup'),
(1209, 1119, 1078, '1/2', 'cup'),
(1240, 1121, 1109, '7', 'tbsps'),
(1241, 1121, 1110, '4', 'oz'),
(1242, 1121, 1111, '1/2', 'cup'),
(1243, 1121, 1112, '8', 'pcs'),
(1244, 1121, 1113, '1/4', 'cup'),
(1245, 1121, 1114, '1/4', 'cup'),
(1246, 1121, 1115, '13', 'pcs'),
(1247, 1121, 1116, '2/3', 'cup'),
(1257, 1120, 1126, '--', '--'),
(1258, 1120, 1127, '16', 'oz'),
(1259, 1120, 1128, '1', 'cup'),
(1260, 1120, 1129, '3/4', 'can'),
(1261, 1120, 1130, '3/4', 'can'),
(1262, 1120, 1131, '3/4', 'can'),
(1263, 1120, 1132, '1/4', 'cup'),
(1264, 1120, 1133, '2', 'pcs'),
(1265, 1120, 1134, '--', '--'),
(1266, 1120, 1135, '1/4', 'cup'),
(1267, 1120, 1136, '1/4', 'cup'),
(1268, 1120, 1137, '1/4', 'cup'),
(1269, 1120, 1138, '2', 'pcs'),
(1270, 1120, 1139, '1', 'tbsp'),
(1271, 1120, 1140, '1/4', 'cup'),
(1272, 1110, 1141, '2½', 'cups'),
(1273, 1110, 1142, '2', 'tsps'),
(1274, 1110, 1143, '1', 'tsp'),
(1275, 1110, 1144, '1', 'tsp'),
(1276, 1110, 1145, '1', 'tsp'),
(1277, 1110, 1146, '½', 'tsp'),
(1278, 1110, 1147, '1⅓', 'cups'),
(1279, 1110, 1148, '1', 'cup'),
(1280, 1110, 1149, '1', 'cup'),
(1281, 1110, 1150, '4', 'pcs'),
(1282, 1110, 1151, '2', 'tsps'),
(1283, 1110, 1152, '3', 'cups'),
(1284, 1110, 1153, '1', 'cup'),
(1285, 1110, 1154, '1', 'bar'),
(1286, 1110, 1155, '1', 'cup'),
(1287, 1110, 1156, '1', 'tsp'),
(1288, 1110, 1157, '4-5', 'cups'),
(1289, 1114, 1158, '3', 'cups'),
(1290, 1114, 1159, '2/3', 'cup'),
(1291, 1114, 1160, '1/2', 'tsp'),
(1292, 1114, 1161, '12', 'tbsps'),
(1293, 1114, 1162, '3', 'tbsps'),
(1294, 1114, 1163, '3', 'cups'),
(1295, 1114, 1164, '8', 'pcs'),
(1296, 1114, 1165, '1', 'cup'),
(1297, 1115, 1166, '250', 'g'),
(1298, 1115, 1167, '1/2', 'tsp'),
(1299, 1115, 1168, '250', 'g'),
(1300, 1115, 1169, '75', 'g'),
(1319, 1117, 1188, '1 1/3', 'cups'),
(1320, 1117, 1189, '4', 'tsps'),
(1321, 1117, 1190, '1/2', 'tsp'),
(1322, 1117, 1191, '1/4', 'tsp'),
(1323, 1117, 1192, '1/2', 'cup'),
(1324, 1117, 1193, '1/2', 'cup'),
(1325, 1117, 1194, '1/4', 'cup'),
(1326, 1117, 1195, '1', 'pc'),
(1327, 1117, 1196, '1 1/2', 'tsps'),
(1328, 1117, 1197, '1 1/2', 'tsps'),
(1329, 1117, 1198, '1', 'tsp'),
(1330, 1117, 1199, '1/3', 'cup'),
(1340, 1118, 1209, '1/2', 'cup'),
(1341, 1118, 1210, '1/2', 'cup'),
(1342, 1118, 1211, '1/2', 'cup'),
(1343, 1118, 1212, '1', 'pc'),
(1344, 1118, 1213, '1', 'tsp'),
(1345, 1118, 1214, '1', 'cup'),
(1346, 1118, 1215, '2/3', 'cup'),
(1347, 1118, 1216, '1', 'tsp'),
(1348, 1118, 1217, '1/8', 'tsp'),
(1349, 1123, 1218, '--', '--'),
(1350, 1123, 1219, '3/4', 'cup'),
(1351, 1123, 1220, '1/4', 'tsp'),
(1352, 1123, 1221, '2', 'tsps'),
(1353, 1123, 1222, '1/4', 'tsp'),
(1354, 1123, 1223, '1 1/4', 'cups'),
(1355, 1123, 1224, '1/2', 'cup'),
(1356, 1123, 1225, '2', 'pcs'),
(1357, 1123, 1226, '1/3', 'cup'),
(1358, 1123, 1227, '1', 'cup'),
(1359, 1123, 1228, '1', 'tsp'),
(1360, 1123, 1229, '1 1/3', 'cups'),
(1361, 1123, 1230, '--', '--'),
(1362, 1123, 1231, '1', 'cup'),
(1363, 1123, 1232, '2', 'cups'),
(1364, 1123, 1233, '1', 'tsp'),
(1365, 1123, 1234, '1/4', 'tsp'),
(1366, 1123, 1235, '3', 'pcs'),
(1367, 1124, 1236, '3', 'cups'),
(1368, 1124, 1237, '1/2', 'tsp'),
(1369, 1124, 1238, '1/2', 'tsp'),
(1370, 1124, 1239, '1', 'cup'),
(1371, 1124, 1240, '1', 'cup'),
(1372, 1124, 1241, '1', 'pc'),
(1373, 1124, 1242, '2', 'tsps'),
(1374, 1124, 1243, '1', 'tsp'),
(1375, 1124, 1244, '1½', 'tsps'),
(1376, 1124, 1245, '3', 'tbsps'),
(1393, 1125, 1262, '3', 'pcs'),
(1394, 1125, 1263, '1/3', 'cup'),
(1395, 1125, 1264, '1/2', 'tsp'),
(1396, 1125, 1265, '1', 'pinch'),
(1397, 1125, 1266, '3/4', 'cup'),
(1398, 1125, 1267, '1', 'pc'),
(1399, 1125, 1268, '1', 'tsp'),
(1400, 1125, 1269, '1 1/2', 'cups'),
(1410, 1126, 1279, '220', 'g'),
(1411, 1126, 1280, '1 1/2', 'cups'),
(1412, 1126, 1281, '1', 'liter'),
(1413, 1126, 1282, '72', 'pcs'),
(1414, 1127, 1283, '5', 'pcs'),
(1415, 1127, 1284, '4', 'cups'),
(1416, 1127, 1285, '1', 'can'),
(1417, 1127, 1286, '2', 'tsps'),
(1418, 1127, 1287, '1/2', 'tsp'),
(1419, 1127, 1288, '21', 'pcs'),
(1440, 1122, 1309, '3', 'pounds'),
(1441, 1122, 1310, '2', 'tbsps'),
(1442, 1122, 1311, '1', 'cup'),
(1443, 1122, 1312, '1/2', 'cup'),
(1444, 1122, 1313, '1½', 'tsps'),
(1445, 1122, 1314, '1/4', 'tsp'),
(1446, 1122, 1315, '9', 'inches'),
(1447, 1122, 1316, '2', 'tbsps'),
(1448, 1122, 1317, '1', 'pc'),
(1681, 1131, 1550, '2', 'pcs'),
(1682, 1131, 1551, '4 1/2', 'cups'),
(1683, 1131, 1552, '2/3', 'cup'),
(1684, 1131, 1553, '1/4', 'cup'),
(1685, 1131, 1554, '1', 'tbsp'),
(1686, 1131, 1555, '1', 'tsp'),
(1687, 1131, 1556, '1/4', 'tsp'),
(1688, 1131, 1557, '1', 'tbsp'),
(1689, 1131, 1558, '1', 'pc'),
(1690, 1131, 1559, '1', 'tbsp'),
(1691, 1132, 1560, '450', 'g'),
(1692, 1132, 1561, '10', 'oz'),
(1693, 1132, 1562, '5 1/2', 'oz'),
(1694, 1132, 1563, '5 1/2', 'oz'),
(1695, 1132, 1564, '4', 'pcs'),
(1696, 1132, 1565, '1 3/4', 'cups'),
(1697, 1132, 1566, '1', 'tbsp'),
(1698, 1132, 1567, '3', 'oz'),
(1699, 1132, 1568, '1/2', 'tsp'),
(1700, 1132, 1569, '2', 'tsps'),
(1701, 1132, 1570, '1', 'tsp'),
(1702, 1132, 1571, '4', 'oz'),
(1703, 1132, 1572, '8', 'oz'),
(1704, 1132, 1573, '8', 'oz'),
(1741, 1129, 1610, '32', 'oz'),
(1742, 1129, 1611, '1¾', 'cups'),
(1743, 1129, 1612, '6', 'pcs'),
(1744, 1129, 1613, '1/2', 'cup'),
(1745, 1129, 1614, '1', 'tsp'),
(1746, 1129, 1615, '1', 'tsp'),
(1747, 1129, 1616, '1/4', 'tsp'),
(1748, 1129, 1617, '3/4', 'cup'),
(1749, 1129, 1618, '1', 'tbsp'),
(1750, 1106, 1619, '1¾', 'cups'),
(1751, 1106, 1620, '3/4', 'tsp'),
(1752, 1106, 1621, '1/4', 'tsp'),
(1753, 1106, 1622, '1/4', 'tsp'),
(1754, 1106, 1623, '1/2', 'cup'),
(1755, 1106, 1624, '1', 'cup'),
(1756, 1106, 1625, '3', 'pcs'),
(1757, 1106, 1626, '2', 'tsps'),
(1758, 1106, 1627, '1/2', 'cup'),
(1759, 1106, 1628, '1/2', 'cup'),
(1760, 1106, 1629, '1/2', 'cup'),
(1761, 1133, 1630, '3', 'pcs'),
(1762, 1133, 1631, '8', 'tbsps'),
(1763, 1133, 1632, '1', 'cup'),
(1764, 1133, 1633, '2', 'pcs'),
(1765, 1133, 1634, '1', 'cup'),
(1766, 1133, 1635, '1', 'tsp'),
(1767, 1133, 1636, '2', 'cups'),
(1768, 1133, 1637, '1', 'tsp'),
(1769, 1133, 1638, '1', 'tsp'),
(1770, 1133, 1639, '1/4', 'tsp'),
(1771, 1133, 1640, '1', 'bag'),
(1772, 1133, 1641, '1/2', 'cup'),
(1783, 1105, 1652, '3 3/4', 'cups'),
(1784, 1105, 1653, '4 1/2', 'tsps'),
(1785, 1105, 1654, '1 1/2', 'tsps'),
(1786, 1105, 1655, '1 1/2', 'cups'),
(1787, 1105, 1656, '3/4', 'cup'),
(1788, 1105, 1657, '3', 'tsps'),
(1789, 1105, 1658, '3/4', 'cup'),
(1790, 1105, 1659, '4 1/2', 'tbsps'),
(1791, 1105, 1660, '2 1/4', 'cups'),
(1792, 1105, 1661, '6', 'pcs'),
(1793, 1105, 1662, '3', 'pcs'),
(1794, 1105, 1663, '--', '--'),
(1795, 1105, 1664, '3 3/4', 'cups'),
(1796, 1105, 1665, '2 1/2', 'cups'),
(1797, 1105, 1666, '3/4', 'tsp'),
(1798, 1105, 1667, '3/4', 'tsp'),
(1799, 1134, 1668, '4', 'pcs'),
(1800, 1134, 1669, '1 1/4', 'cup'),
(1801, 1134, 1670, '1/4', 'cup'),
(1802, 1134, 1671, '1/2', 'tbsp'),
(1803, 1134, 1672, '1/2', 'tsp'),
(1804, 1134, 1673, '4', 'pcs'),
(1805, 1134, 1674, '1/4', 'cup'),
(1806, 1134, 1675, '1/3', 'cup'),
(1807, 1134, 1676, '2', 'tbsps'),
(1808, 1134, 1677, '1/4', 'cup'),
(1809, 1130, 1678, '1¾', 'cups'),
(1810, 1130, 1679, '1', 'cup'),
(1811, 1130, 1680, '1/2', 'cup'),
(1812, 1130, 1681, '4', 'pcs'),
(1813, 1130, 1682, '1', 'tsp'),
(1814, 1130, 1683, '1/4', 'tsp'),
(1815, 1130, 1684, '1/4', 'cup'),
(1816, 1130, 1685, '1', 'cup'),
(1817, 1130, 1686, '1/4', 'cup'),
(1818, 1130, 1687, '1/4', 'cup'),
(1819, 1130, 1688, '1/2', 'tsp'),
(1820, 1135, 1689, '1', 'tbsp'),
(1821, 1135, 1690, '3', 'bars'),
(1822, 1135, 1691, '1', 'cup'),
(1823, 1135, 1692, '3', 'tbsps'),
(1824, 1135, 1693, '1/2', 'tsp'),
(1825, 1135, 1694, '1/2', 'tsp'),
(1826, 1135, 1695, '4', 'pcs'),
(1827, 1135, 1696, '1 1/4', 'cups'),
(1828, 1136, 1697, '1', 'cup'),
(1829, 1136, 1698, '1/3', 'cup'),
(1830, 1136, 1699, '1/2', 'cup'),
(1831, 1136, 1700, '1', 'tbsp'),
(1832, 1136, 1701, '1/4', 'cup'),
(1833, 1136, 1702, '3 1/2', 'cups'),
(1834, 1136, 1703, '3', 'pcs'),
(1835, 1136, 1704, '1/4', 'tbsp'),
(1836, 1136, 1705, '1/4', 'cup'),
(1837, 1136, 1706, '1/2', 'cup'),
(1838, 1136, 1707, '1/2', 'cup'),
(1839, 1136, 1708, '1', 'cup'),
(1840, 1137, 1709, '--', '--'),
(1841, 1137, 1710, '3/4', 'cup'),
(1842, 1137, 1711, '1/2', 'cup'),
(1843, 1137, 1712, '1 1/3', 'cups'),
(1844, 1137, 1713, '1/4', 'tsp'),
(1845, 1137, 1714, '1', 'pinch'),
(1846, 1137, 1715, '--', '--'),
(1847, 1137, 1716, '4', 'pcs'),
(1848, 1137, 1717, '1/4', 'tsp'),
(1849, 1137, 1718, '2/3', 'cup'),
(1850, 1137, 1719, '1/4', 'tsp'),
(1851, 1137, 1720, '1', 'cup'),
(1852, 1137, 1721, '1 1/3', 'cups'),
(1853, 1137, 1722, '1/4', 'cup'),
(1854, 1116, 1723, '--', '--'),
(1855, 1116, 1724, '1', 'tsp'),
(1856, 1116, 1725, '1', 'tsp'),
(1857, 1116, 1726, '1/2', 'cup'),
(1858, 1116, 1727, '1½', 'cups'),
(1859, 1116, 1728, '2', 'pcs'),
(1860, 1116, 1729, '2', 'tsps'),
(1861, 1116, 1730, '2', 'tbsps'),
(1862, 1116, 1731, '1', 'cup'),
(1863, 1116, 1732, '1', 'tbsp'),
(1864, 1116, 1733, '1-2', 'tbsps'),
(1865, 1116, 1734, '2½', 'cups'),
(1866, 1116, 1735, '--', '--'),
(1867, 1116, 1736, '16', 'oz'),
(1868, 1116, 1737, '1½', 'cups'),
(1869, 1116, 1738, '1', 'tsp'),
(1870, 1116, 1739, '1', 'pinch'),
(1871, 1116, 1740, '3½', 'cups');

-- --------------------------------------------------------

--
-- Table structure for table `rcp_num_categories`
--

CREATE TABLE `rcp_num_categories` (
  `Rcp_category_ID` bigint(100) NOT NULL,
  `Recipe_ID` int(255) NOT NULL,
  `Category_ID` int(100) NOT NULL
) ENGINE=InnoDB DEFAULT CHARSET=utf8mb4 COLLATE=utf8mb4_general_ci;

--
-- Dumping data for table `rcp_num_categories`
--

INSERT INTO `rcp_num_categories` (`Rcp_category_ID`, `Recipe_ID`, `Category_ID`) VALUES
(494, 1103, 120),
(495, 1103, 150),
(499, 1104, 121),
(500, 1104, 135),
(501, 1104, 150),
(743, 1105, 120),
(744, 1105, 148),
(745, 1105, 149),
(736, 1106, 122),
(733, 1106, 132),
(735, 1106, 150),
(737, 1106, 154),
(734, 1106, 163),
(513, 1108, 119),
(514, 1108, 134),
(515, 1108, 136),
(516, 1108, 150),
(575, 1110, 120),
(577, 1110, 150),
(576, 1110, 153),
(526, 1111, 120),
(527, 1111, 134),
(528, 1111, 150),
(578, 1114, 135),
(579, 1114, 137),
(580, 1114, 150),
(581, 1114, 155),
(582, 1115, 121),
(583, 1115, 150),
(760, 1116, 120),
(762, 1116, 122),
(761, 1116, 150),
(763, 1116, 154),
(764, 1116, 159),
(588, 1117, 121),
(590, 1117, 149),
(589, 1117, 150),
(593, 1118, 121),
(594, 1118, 148),
(595, 1118, 150),
(556, 1119, 137),
(557, 1119, 148),
(571, 1120, 120),
(573, 1120, 136),
(572, 1120, 137),
(574, 1120, 148),
(566, 1121, 120),
(567, 1121, 151),
(626, 1122, 137),
(627, 1122, 150),
(596, 1123, 132),
(598, 1123, 149),
(597, 1123, 150),
(599, 1124, 121),
(600, 1124, 136),
(602, 1124, 149),
(601, 1124, 150),
(609, 1125, 119),
(610, 1125, 120),
(611, 1125, 148),
(614, 1126, 120),
(616, 1126, 150),
(615, 1126, 157),
(618, 1127, 147),
(619, 1127, 148),
(620, 1127, 154),
(617, 1127, 157),
(728, 1129, 137),
(730, 1129, 148),
(731, 1129, 150),
(729, 1129, 163),
(732, 1129, 169),
(748, 1130, 120),
(749, 1130, 150),
(701, 1131, 137),
(703, 1131, 150),
(702, 1131, 153),
(704, 1131, 162),
(705, 1132, 120),
(707, 1132, 149),
(706, 1132, 155),
(738, 1133, 120),
(740, 1133, 150),
(739, 1133, 153),
(746, 1134, 120),
(747, 1134, 148),
(750, 1135, 120),
(751, 1135, 137),
(752, 1135, 150),
(753, 1135, 169),
(754, 1136, 119),
(756, 1136, 148),
(755, 1136, 163),
(757, 1137, 121),
(758, 1137, 155),
(759, 1137, 159);

-- --------------------------------------------------------

--
-- Table structure for table `rcp_reminders`
--

CREATE TABLE `rcp_reminders` (
  `Rcp_reminder_ID` bigint(100) NOT NULL,
  `Recipe_ID` int(255) NOT NULL,
  `Reminder_description` text NOT NULL
) ENGINE=InnoDB DEFAULT CHARSET=utf8mb4 COLLATE=utf8mb4_general_ci;

--
-- Dumping data for table `rcp_reminders`
--

INSERT INTO `rcp_reminders` (`Rcp_reminder_ID`, `Recipe_ID`, `Reminder_description`) VALUES
(63, 1103, 'Use room temperature eggs and butter. Room temperature eggs give you a fluffier cake, and room temperature butter creams better for a feather-light buttercream frosting.'),
(64, 1103, 'One of the top complaints when it comes to baking cakes is that the cake turns out “floury”, and this is due to using too much flour. The best way to get the right amount of flour is to measure it using a kitchen scale. Alternatively, you can spoon flour into a cup and then scrape a knife across to level it out. Scooping directly from the flour bag or container will inevitably lead to using too much of it.'),
(65, 1103, 'For a cake that has even more moisture, substitute ⅓ cup of the whole milk for sour cream. This will give you a cake that will stay moist for longer, which is helpful if you plan to make it ahead or keep it for a few days after baking. Note that the batter will be a bit thicker than if you only used milk.'),
(66, 1103, 'To take the chocolatey-ness to the next level, use hot brewed coffee instead of water. Or add 1 tablespoon espresso powder to the wet ingredients. '),
(67, 1103, 'Cake strips are a must for flat, evenly baked, professional-looking cakes.'),
(77, 1104, 'Melt the chocolate chips for the brownie batter and stir in after adding the cocoa if you want that fudgy texture throughout.'),
(78, 1104, 'The secret to glossy brownies is to beat the eggs and sugar very well.'),
(79, 1104, 'Make sure to line the baking pan so the brookies can be removed easily.'),
(80, 1104, 'Make sure the butter is at room temperature before starting.'),
(81, 1104, 'Use a good quality cocoa powder so your brownie batter is extra delicious!'),
(82, 1104, 'Make sure to let the brookies cool completely before removing them from the pan and slicing, they\'ll be too soft when warm.'),
(83, 1104, 'You can add in grated orange zest, mini marshmallows, sprinkles, or different flavored extracts for different variations.'),
(84, 1104, 'Try adding ¾ cup of toasted, chopped walnuts or pecans to the batter for added crunch and flavor.'),
(85, 1104, 'You can warm the Brookies up slightly in the oven or microwave and serve with a scoop of vanilla ice cream for an extra treat.'),
(102, 1108, 'Perform 4 stretch and folds during the first 2 hours of the bulk fermentation, which build strength in the dough.'),
(103, 1108, 'Do a cold proof for at least 24 hours before baking, which produces a lighter airier crumb as you can see the difference between the crumb of a loaf that has proofed for only 6 hours vs. a loaf that has proofed for 24 hours. '),
(104, 1108, 'Finally, I like preheating my Dutch oven, which makes a crisper crust.'),
(120, 1111, 'For the fluffiest cake, do not skip sifting your dry ingredients. Sifting will aerate them and remove any possible lumps in the dry ingredients.'),
(121, 1111, 'I highly recommend using a scale to measure your flour. However, if you don’t have a scale, be sure to fluff your flour with a spoon and then spoon it into your cups before leveling it off with a knife. This method is the best way to measure flour without overpacking the measuring cup.'),
(122, 1111, 'Avoid over-mixing as you risk over-developing the gluten in the batter leading to a tough, dry, and dense cake.'),
(123, 1111, 'Eggs are easier to separate when cold. Egg whites whip up easier when closer to room temperature. I recommend separating them in advance if you have the time.'),
(124, 1111, 'When folding in the egg whites, turn the mixture in on itself with a cutting motion, not stirring. This way, you do not deflate the egg whites.'),
(125, 1111, 'When whipping the egg whites, make sure there’s no water or liquid in the mixer as it’ll prevent the egg whites from forming peaks.'),
(157, 1119, 'Sprinkle flour over the flat surface to prevent the dough from sticking or use a silicon mat. Arrange the first dough over the cake pan. This will be the base. Set the second flattened dough aside. This will be needed after arranging the filling in the cake pan.'),
(163, 1121, 'To beat egg whites into stiff peaks, gradually increase the mixer speed, starting at medium, to medium-high, to high, each speed taking around 2-3 minutes. '),
(164, 1121, 'Add cream of tartar when you see some egg foam. Gradually add fine sugar when the beaten egg whites have become very white and foamy. '),
(165, 1121, 'You can add flavorings to this cheesecake such as 2 tablespoons of matcha powder or 2 tablespoons of cocoa powder to the egg yolk batter, to make either a green-tea flavored Japanese cheesecake or a chocolate Japanese cheesecake.'),
(169, 1120, 'When prepping both the canned coconut milk and evaporated milk, give their cans a good shake before opening! This is important since you’ll be dividing the milks in half to use in different parts of the recipe.'),
(170, 1120, 'The original recipe calls for a 9 x 11-inch pan, which isn’t a very common pan size in the United States. As a result, I’ve adapted the recipe to be made in a 9- or 10-inch springform pan.'),
(171, 1110, 'Weigh the flour in which the most accurate way to measure flour is with a kitchen scale. If you don’t have one, fluff up the flour in its container and spoon it into the measuring cup, using a knife to level off the top.'),
(172, 1110, 'Use room temperature ingredients to ensure they incorporate easily with the other ingredients'),
(173, 1110, 'Shred carrots at home using a box grater or your food processor.'),
(174, 1110, 'Swap pecans for chopped walnuts. Or, reduce the nuts to ½ cup and add ½ cup dark or golden raisins along with ¼ cup sweetened shredded coconut.'),
(175, 1110, 'You can replace ⅓ cup of vegetable oil with an equal amount of applesauce or canned crushed pineapple (drained well).'),
(176, 1114, 'Always use fresh lemon juice is a must. Lemons are the star ingredient so you don\'t want to go the from concentrate or a bottle versions.'),
(177, 1114, 'Line your baking dish. The parchment paper makes it very easy to remove from the pan but in a pinch you can use foil instead.'),
(178, 1114, 'Lemon bars are a great make ahead dessert. Cut then freeze on a baking try. Wrap individually and store in your freezer for up to three months. That and dust with powdered sugar before serving. '),
(179, 1115, 'If you only have unsalted butter, use that and include ¼ tsp salt in the recipe - add it with the flour.'),
(180, 1115, 'If you are having a hard time working with all of the dough in the piping bag at once, you can take a little out and add as needed - this will make it a little easier to pipe. '),
(188, 1117, 'Sift cocoa powder into flour mixture if it\'s clumpy.'),
(189, 1117, 'Avoid making the oven too hot when pre-heating.'),
(194, 1118, 'Baked cookies freeze well up to 3 months. Unbaked cookie dough balls (that are not coated in confectioners’ sugar) freeze well up to 3 months.'),
(195, 1118, 'The recipe is easy to double in 1 mixing bowl without overwhelming your mixer. Simply double all of the ingredients. Dough chill time remains the same.'),
(196, 1118, 'If you want a chocolate peppermint crinkle cookie, I recommend adding 3/4 or 1 teaspoon of peppermint extract when you add the vanilla.'),
(197, 1123, 'Alyways measure your flour correctly! Adding too much flour to the recipe is the most common mistake. The best, and easiest way to measure flour is by using a scale. If you don\'t have one then fluff your flour with a spoon, sprinkle it into your measuring cup, and use a knife to level it off.'),
(198, 1123, 'Sift the dry ingredients, cocoa powder can have a lot of lumps.'),
(199, 1123, 'Room temperature ingredients will mix best so make sure the butter, eggs, sour cream, and milk are not ice cold.'),
(200, 1123, 'Have fun with the decorations! Use your favorite candies, piping tips, and accessories to make these ornaments come to life. '),
(201, 1124, 'Room temperature butter and egg will mix more evenly into each other. Place your egg into a bowl of warm water for a couple of minutes. Doing so will quickly bring it to room temperature if you have forgotten to take it out of your fridge beforehand.'),
(202, 1124, 'Use pure vanilla extract and not artificial extract for these candy cane peppermint cookies for the best flavor.'),
(203, 1124, 'Adding too much flour will lead to the candy cane shaped cookies being dense. The best and easiest way to measure the flour is by using a kitchen scale. If you don’t have one, then fluff your flour with a spoon, sprinkle it into your measuring cup, and use a knife to level it.'),
(204, 1124, 'Twist together one cookie at a time instead of rolling all the white and red dough out first. The cookie dough will be dry by the time the doughs are all rolled and ready to be twisted.'),
(205, 1124, 'If the cookie dough starts to crack as you roll it, put it back in the fridge to chill for 15 minutes so the dough firms up more.'),
(212, 1125, 'If needed, you can use salted butter in this recipe with no other changes needed. I’ve also successfully reduced the butter down to 6 Tablespoons (85g) with no issue (just as tasty).'),
(213, 1125, 'Feel free to add 1 cup of your favorite chocolate chips. No need to leave out the nuts if you add the chocolate chips. Chocolate chips and nuts are both optional.'),
(214, 1125, 'This is not an overly sweet quick bread. If you want a sweeter banana bread, increase to 1 cup (200g) brown sugar.'),
(219, 1126, 'This dessert can be stored in the fridge for up to one and half days (36 hours) ahead of time, before serving - for best results.'),
(220, 1126, 'Full disclosure: this is not a cake that involves getting into an oven.'),
(221, 1127, 'The mango float can be stored in the container for up to one month. When you want to eat it, let it defrost for about 10 minutes, and then you can use a knife to cut out a piece. I usually let my piece sit out for 10-15 minutes to soften before eating it.'),
(233, 1122, 'Choose a mixture of tart apples and sweet apples.'),
(234, 1122, 'Properly peel the apples in consistent manner.'),
(235, 1122, 'A sprinkle of white sugar will give this apple pie recipe a slightly crunchy topping, adding some textural interest and a little extra sweetness.'),
(236, 1122, 'Prevent the crust from browning too much, always check the oven temperature especially in the middle of baking.'),
(312, 1131, 'There are a couple ways to make this pie ahead of time. Prepare the pie in full 1 day in advance—after pie cools, cover tightly and keep at room temperature. The pie crust dough can also be prepared ahead of time and stored in the refrigerator for up to 5 days or in the freezer for up to 3 months. Baked pie also freezes well for up to 3 months.'),
(313, 1131, 'You need about 1.5 lbs of cherries for this recipe. Cut half of the cherries into halves and the remaining half of cherries into quarters. Using a mix of halved and quartered cherries helps keep the baked filling in tact. You can use any variety of cherries.'),
(314, 1132, 'To assure the best tasting fruitcake, make sure all of your ingredients are of good quality and as fresh as possible.'),
(315, 1132, 'Because this cake is so dense, it will take longer to cool than other types of cake.'),
(316, 1132, 'To make the fruitcake a little more festive, serve it with a brandy sauce or this classic English custard sauce.'),
(317, 1132, 'Add 1 cup of chopped walnuts or pecans to the fruitcake for extra texture and flavor.'),
(330, 1129, 'Any kind of cream cheese can be used for this recipe including mascarpone.'),
(331, 1129, 'I tested this recipe with 2 cups of sugar, and it was very good. However, I felt it was too sweet, so I reduced the sugar in my final recipe. If you prefer a very sweet cheesecake, feel free to add more sugar.'),
(332, 1129, 'Serving: 1slice, Calories: 565kcal, Carbohydrates: 43g, Protein: 10g, Fat: 40g, Saturated Fat: 23g, Polyunsaturated Fat: 2g, Monounsaturated Fat: 11g, Trans Fat: 0.01g, Cholesterol: 210mg, Sodium: 386mg, Potassium: 237mg, Fiber: 0.3g, Sugar: 39g, Vitamin A: 1634IU, Vitamin C: 1mg, Calcium: 116mg, Iron: 1mg'),
(333, 1106, 'Cupcakes can be made ahead 1 day in advance, covered, and stored at room temperature. Frosting can also be made 1 day in advance, covered, and stored in the refrigerator until ready to use. Freeze frosted or unfrosted cupcakes for up to 2-3 months. Thaw overnight in the refrigerator.'),
(334, 1106, 'If you can’t get your hands on cake flour, you can make a cake flour substitute. I suggest doing this twice, mixing it all up in 1 bowl then removing 1/4 cup since you need 1 and 3/4 cups in this recipe.'),
(335, 1106, 'Using all egg whites is the key to their soft and fluffy texture.'),
(336, 1106, 'Whole milk and sour cream are strongly recommended for the best taste and texture. A full fat plain yogurt would work instead, though the cupcakes may not be as light. Same goes with a lower fat milk.'),
(337, 1133, 'Turn this banana bread into muffins by lining a cupcake tip with liners. Bake for 25-30 minutes at the same temperature, or until a toothpick inserted into the center comes out clean.'),
(338, 1133, 'Keep your banana bread wrapped tightly in plastic wrap, foil or Tupperware at room temperature for 2-3 days or up to a week in the refrigerator.'),
(341, 1105, 'For the ultimate velvety crumb, look for cake flour with lower protein content. I use King Arthur’s unbleached cake flour, as it’s always available at my local Target mall.'),
(342, 1105, 'Feel free to sub your homemade ube halaya, and keep an eye on the texture.'),
(343, 1105, 'There are many brands of sweetened condensed milk with different flavors and colors. Look at this article from Serious Eats here if you want to learn about the differences. In my recipe here, I’ve used the Eagle Brand.'),
(344, 1105, 'You don’t want the butter to be super soft, but give a little when you push it like a ripe avocado. This ensures you’ll be able to whip it up to the right texture and pull in the condensed milk to make the frosting.'),
(345, 1134, 'If you only have one cake pan, I would only make (or even mix together) half of the batter at a time to prevent your batter from collapsing while you wait for one cake to finish baking and cooling. Yes, this is a pain to divide the ingredients, but since we are using meringue and egg whites, you want to keep the airy and lofty texture of the cake as much as possible. Waiting too long to use the batter might give you less than fluffy results.'),
(346, 1134, 'I included ingredients by weight because this is more accurate for baking.'),
(347, 1130, 'Cover the cake with chocolate drizzle icing by mixing 30g/1oz cocoa powder with 200g/7oz of icing sugar and \r\na teaspoon or two of boiling water. Mix to a paste the consistency of double cream. Trickle over the cake and allow to \r\nset before slicing.'),
(348, 1130, 'Pan size- small rectangle (loaf pan) (3x the batter ingredients for 10x12 cake pans).'),
(349, 1130, 'Always check the oven temparature to avoid the cake from overbaking. It is a must for great results.'),
(350, 1135, 'Depending on the size of the roll or sheet of parchment paper you buy, you may have to overlap it.'),
(351, 1135, 'You can use 5 large eggs if you don&#039;t have jumbo eggs, and 3/4 to 1 teaspoon of kosher salt instead of the 1/2 teaspoon of fine salt.'),
(352, 1136, 'You may also use instant yeast which requires no proofing and can be added directly to the flour before kneading. Using instant yeast will also cut the rising time. Add the ¼ cup of water for proofing ADY to the liquids instead.'),
(353, 1136, 'For puffier and faster rising, I recommend using SAF Instant Gold which is made for sweet dough.'),
(354, 1137, 'This recipe makes about 48 macaron shells, which can be used to make 24 macarons. You can double or half this recipe if needed.'),
(355, 1137, 'The yield and bake time can vary based on how large you pipe your shells. I piped these shells with a diameter of 1 1/2 inches, so they&#039;re about the size of a standard macaron.'),
(356, 1137, 'Measure your ingredients in grams with a kitchen scale! You really need to be precise with this recipe. Your macarons will turn out best if the ingredients are weighed.'),
(357, 1137, 'Carefully read through the directions before making these macarons. There are quite a few steps and it&#039;s good to know your game plan before you start!'),
(358, 1137, 'You can make the pistachio ganache ahead of time if needed! It can last for up to a week in the fridge if it&#039;s wrapped tightly with plastic wrap or stored in an airtight container.'),
(359, 1116, 'If the tops of your cake layers are domed, use a serrated knife to cut off the top of the domes so you can stack them evenly. Alternatively, use cake strips to help your cake layers come out evenly. Cake strips work by keeping the outside edge of the pan cooler to ensure that the entire cake rises at the same rate, preventing a dome from forming in the middle.'),
(360, 1116, 'I highly recommend using a scale to measure your flour as it’s the most accurate method. If you don’t have a scale, fluff your flour with a spoon and spoon it into your cups before leveling it off with a knife. This method prevents you from overpacking the measuring cup.'),
(361, 1116, 'If the ingredients were refrigerated, such as the eggs, milk, and cream cheese, it’s best to bring them to room temperature before using them so they mix effortlessly without overmixing.'),
(362, 1116, 'Be gentle when handling the layers during assembly, as the cake is very tender.'),
(363, 1116, 'The best way to let your butter come to room temperature is to bring it out of the fridge 1 to 2 hours beforehand and allow it to sit on your kitchen counter. Softening the butter in the microwave will carry the risk of it melting and making the cream cheese frosting runny. To speed up the process of the butter coming to room temperature, you can cube it instead of leaving the sticks whole.'),
(364, 1116, 'Make sure to sift the dry ingredients to remove any lumps. This will help to keep the cake’s crumb soft and light.'),
(365, 1116, 'For a large cake, divide the batter among two 9-inch round cake pans. The layers will be a bit thinner, so the bake time will decrease by about 5 minutes.');

-- --------------------------------------------------------

--
-- Table structure for table `rcp_steps`
--

CREATE TABLE `rcp_steps` (
  `Rcp_step_ID` bigint(100) NOT NULL,
  `Recipe_ID` int(255) NOT NULL,
  `Step_num` int(100) NOT NULL,
  `Step_description` text NOT NULL
) ENGINE=InnoDB DEFAULT CHARSET=utf8mb4 COLLATE=utf8mb4_general_ci;

--
-- Dumping data for table `rcp_steps`
--

INSERT INTO `rcp_steps` (`Rcp_step_ID`, `Recipe_ID`, `Step_num`, `Step_description`) VALUES
(448, 1103, 1, 'Arrange an oven rack in the upper third of the oven and another in the lower third. Heat the oven to 350 degrees. Lightly coat the bottom and sides of 3 (8-inch) cake pans with butter, then line the bottoms with rounds of parchment paper and smooth the parchment to eliminate air bubbles.'),
(449, 1103, 2, 'In the bowl of a stand mixer fitted with the paddle attachment, combine the cake flour, granulated sugar, salt, baking soda and baking powder; mix on low speed just until combined.'),
(450, 1103, 3, 'Bloom the cocoa: In a medium bowl, whisk to combine the cocoa powder and hot coffee. Add the crème fraîche and vanilla, then whisk until completely smooth. Set aside.'),
(451, 1103, 4, 'In a separate medium bowl, whisk the 5 whole eggs and 2 yolks until smooth; set aside.'),
(452, 1103, 5, 'Mix the batter: To the stand mixer bowl, add the oil and half of the cocoa mixture; mix on low speed just until the flour is completely coated in the liquid ingredients. Pause the mixer and scrape down the sides and bottom of the bowl, then mix on medium until smooth and pasty, about 30 seconds. Pause and scrape down the sides and bottom of the bowl again, then add the whisked eggs and remaining cocoa mixture. Beat on medium speed, scraping down the sides and bottom of the bowl once or twice, until the batter is very silky and has the consistency of thin pancake batter, about 1 minute.'),
(453, 1103, 6, 'Pour the batter into the prepared pans, dividing evenly. (For uniform layers, use a scale – you’ll get about 550 grams of batter per pan.) Transfer the pans to the oven, positioning two on the upper rack and one on the lower, staggering them so the pans above don’t block the one below. Bake, rotating the top two pans side to side and rack to rack after 20 minutes, until the tops of the cakes are domed, springy to the touch and a toothpick or cake tester inserted into the centers comes out clean, 25 to 30 minutes.'),
(454, 1103, 7, 'Remove the pans from the oven and let cool completely on a wire rack.'),
(455, 1103, 8, 'To make the buttercream, start with the pudding base: Place the chocolate in the clean bowl of the stand mixer fitted with the paddle attachment. In a small saucepan, combine the milk and ¼ cup/50 grams of the sugar. Bring to a simmer over medium, stirring occasionally to dissolve the sugar, then remove from the heat and set aside. In a medium bowl, add the cocoa powder, flour, salt and remaining ¼ cup/50 grams sugar, and whisk until combined. Add the yolks to the bowl and whisk slowly to combine (it will seem very thick at first, but will loosen up), then whisk more vigorously until the mixture is pale, thick and smooth. Whisking the yolk mixture constantly, slowly stream in about half of the warm milk mixture, then whisk the contents of the bowl back into the saucepan. Set the saucepan over medium-low heat and cook, whisking constantly and scraping against the sides, until thick and bubbling, 1 to 3 minutes. Immediately scrape the pudding over the chocolate in the stand mixer bowl.'),
(456, 1103, 9, 'Make the buttercream: Let the pudding mixture sit for a few minutes, so the heat gently melts the chocolate, then mix with the paddle on low speed until the chocolate is completely melted and the pudding is smooth and glossy. Increase the speed to medium and beat until the outside of the bowl is cool to the touch, 10 to 15 minutes. With the mixer running, add the butter a couple of pieces at a time, waiting for each addition to incorporate into the pudding before adding the next, until you have a smooth, glossy, spreadable frosting. Stop the mixer, thoroughly scrape the sides and bottom of the bowl, and add the vanilla. Beat once more just until evenly mixed.'),
(457, 1103, 10, 'Unmold and level the cakes: Use a butter knife or small offset spatula to cut around the cooled cakes, pressing the blade firmly against the sides of the pans to loosen them. Invert the cakes onto a wire rack, remove the parchment paper if necessary, then invert again onto a second rack or cutting board so they’re domed side up. Holding a serrated knife parallel to the work surface, slice horizontally through the surface of each cake to level the layers. (The scraps are perfect for snacking.)'),
(458, 1103, 11, 'Place one of the layers cut side-down on a serving plate, cake stand or cardboard cake round. Dollop about 1 cup buttercream in the center, then use an offset spatula to spread it evenly all the way to the edges. Place a second layer cut side-down over the first, center it, then top with another 1 cup of buttercream. Place the third layer on top, cut side-down, pressing gently to level it. Scrape about half of the remaining buttercream over the top of the cake, then use the spatula to spread it across the surface and down the sides, covering the entire cake in a very thin layer of frosting. (The cake will show through in several places; this is just the crumb coat.) Transfer the cake to the refrigerator and chill just until the frosting is firm, 10 to 15 minutes, then cover with the remaining frosting.'),
(459, 1103, 12, 'The assembled cake will keep, loosely covered at room temperature, for 1 day. (Before covering the cake, chill it for 15 minutes so the frosting can firm up.) After 24 hours, refrigerate the cake and be sure to tightly cover any cut surfaces. Bring the cake to room temperature before serving.'),
(469, 1104, 1, 'Line a 9x13 baking dish with parchment or foil and heat oven to 350F.'),
(470, 1104, 2, 'For the brownies melt butter then stir in cocoa powder. Whisk in both sugar and the salt then add the eggs and vanilla and beat well (secret to glossy brownies is to beat the eggs and sugar very well.)'),
(471, 1104, 3, 'Add the flour and mix until almost combined then fold in the chocolate chips and finish the batter off by hand with a spatula scraping the bowl down and mixing in any errant flour etc.'),
(472, 1104, 4, 'Transfer the brownie batter to your prepared pan and spread into a thin layer then set aside.'),
(473, 1104, 5, 'For the cookie dough, cream the butter, and sugars on high for 3-4 minutes or until light and fluffy, scraping the bowl down as needed.'),
(474, 1104, 6, 'Mix in the vanilla and egg and scrape the bowl down once more.'),
(475, 1104, 7, 'Add salt baking soda and powder then mix until combined.'),
(476, 1104, 8, 'Pour in the flour and mix until almost combined then fold in the chocolate chips, reserving a handful to sprinkle on top later. Finish mixing the batter with your spatula then drop spoonfuls onto the brownie batter. You don\'t need full coverage, it will be nice to see the brownie batter peaking through after baking.'),
(477, 1104, 9, 'Cover with foil and bake at 350F for 20 min then bake another 20 min uncovered. Allow to cool before removing from pan and cutting.'),
(514, 1108, 1, 'Make the dough: Whisk the starter and water together in a large bowl with a fork or spatula. Add the flour and salt. Mix to combine, finishing by hand if necessary to form a rough dough. Cover with a damp towel and let rest for 30 minutes. '),
(515, 1108, 2, 'Stretch and fold: After 30 minutes, grab a corner of the dough and pull it up and into the center. Repeat until you’ve performed this series of folds 4 to 5 times with the dough. Let dough rest for another 30 minutes and repeat the stretching and folding action. If you have the time: do this twice more for a total of 4 times in 2 hours. Note: Even if you can only perform one series of stretches and folds, your dough will benefit. So don’t worry if you have to run off shortly after you mix the dough.'),
(516, 1108, 3, 'Bulk Fermentation (first rise): Cover the bowl with a towel and let rise at room temperature, about 8 to 10 hours at 70°F (21°C) or even less if you live in a warm environment. The dough is ready when it has increased by 50% in volume, has a few bubbles on the surface, and jiggles when you move the bowl from side to side. (UPDATE: In the past I have recommended letting the dough rise until it doubles in volume. If you’ve had success with this, continue to let the dough double. Recently, I have been stopping the bulk fermentation when the dough increases by 50% in volume, and I feel I am actually getting better oven spring in the end.) (Note regarding timing: If you are using 100 g of starter, the bulk fermentation may take less than 8 to 10 hours. If you live in a warm, humid environment, the bulk fermentation may take even less time. In the late spring/early summer, for example, my kitchen is 78ºF and the bulk fermentation takes 6 hours. It is best to rely on visual cues (increase in volume by roughly 50%) as opposed to time to determine when the bulk fermentation is done. A straight-sided vessel makes monitoring the bulk fermentation especially easy because it allows you to see when your dough has truly increased in volume by 50%.)'),
(517, 1108, 4, 'Shape (See notes above): Coax the dough onto a lightly floured surface. Gently shape it into a round: fold the top down to the center, turn the dough, fold the top down to the center, turn the dough; repeat until you’ve come full circle. If you have a bench scraper, use it to push and pull the dough to create tension. '),
(518, 1108, 5, 'Rest: Let the dough rest seam side up rest for 30 minutes. Meanwhile, line an 8-inch (20-cm) bowl or proofing basket with a towel (flour sack towels are ideal) and dust with flour (preferably rice flour, which doesn’t burn the way all-purpose flour does). Using a bench scraper or your hands, shape it again as described in step 4. Place the round into your lined bowl, seam side up.'),
(519, 1108, 6, 'Proof (second rise): Cover the dough and refrigerate for 1 hour or for as long as 48 hours. (Note: I prefer to let this dough proof for at least 24 hours prior to baking. See video for the difference in the crumb of a loaf that has proofed for 6 hours vs one that has proofed for 24 hours. If you choose to proof the dough in the fridge for an extended period of time, you may want to tuck it into a loosely tied bag — produce bags from the grocery store are great for this purpose — to ensure the dough does not dry out. The original recipe calls for a 1-hour rise, and if you have had success doing that, by all means, keep doing it.) '),
(520, 1108, 7, 'Place a Dutch oven in your oven, and preheat your oven to 550°F (290°C). Cut a piece of parchment to fit the size of your baking pot.'),
(521, 1108, 8, 'Score: Place the parchment over the dough and invert the bowl to release. Using the tip of a small knife or a razor blade, score the dough however you wish — a simple “X” is nice. Use the parchment to carefully transfer the dough into the preheated baking pot.'),
(522, 1108, 9, 'Bake: Lower the oven to temperature to 450ºF (230ºC). Carefully cover the pot. Bake the dough for 30 minutes, covered. Remove the lid, lower the temperature to 400ºF (200ºC) and continue to bake for 10 – 15 minutes more. If necessary, lift the loaf out of the pot, and bake directly on the oven rack for the last 5 to 10 minutes. Cool on a wire rack for 1 hour before slicing.'),
(523, 1108, 10, 'This loaf will stay fresh up to 3 days stored at room temperature in an airtight plastic bag or container. It freezes beautifully, too. '),
(545, 1111, 1, 'Position an oven rack to the lowest level and preheat the oven to 325°F.'),
(546, 1111, 2, 'In a large bowl, sift together the flour, sugar, baking powder, and salt. In a medium bowl, whisk together egg yolks, water, oil, and vanilla until pale and frothy, about 30 seconds. Add egg yolk mixture to flour mixture, whisking until well combined.'),
(547, 1111, 3, 'In the bowl of a stand mixer fitted with a whisk attachment, beat the egg whites and cream of tartar on medium-high speed until stiff peaks form, about 6 minutes. Fold one-fourth of the egg whites into the flour mixture, until just combined. Gently fold in the remaining egg whites. Spoon batter into an ungreased 10-inch tube pan. Run a butter knife gently through the batter to release any potential air pockets.'),
(548, 1111, 4, 'Bake on the lowest rack for 1 hour or until a wooden pick inserted in the center comes out clean. (Take should spring back when gently poked with your finger.) Immediately invert the pan onto a wire rack and let the cake cool completely in the pan. When cooled, gently run a knife around the edges of the pan to release the cake. Place the cake on a cake stand and garnish with confectioners’ sugar, if desired.'),
(623, 1119, 1, 'Create the crust. Combine flour and salt then mix using a balloon whisk. Add butter and shortening then mix using a pastry mixer. Gradually add cold water a tablespoon at a time while mixing the ingredients. When everything is completely mixed, gather the mixture and divide into two equal parts. In a flat surface flatten each of the dough and roll using a rolling pin until wide enough to fit an eight or nine inch cake pan.'),
(624, 1119, 2, 'Make the filling by heating a saucepan and pour-in the milk. Let boil.'),
(625, 1119, 3, 'Add the granulated white sugar and stir.'),
(626, 1119, 4, 'Put-in the young coconut meat and cook for 3 minutes.'),
(627, 1119, 5, 'Pour-in the cornstarch diluted in young coconut water and stir thoroughly while cooking. Cook until the texture thickens.'),
(628, 1119, 6, 'Turn-off the heat and allow the mixture to cool down.'),
(629, 1119, 7, 'Preheat oven to 375 degrees Fahrenheit.'),
(630, 1119, 8, 'Arrange the cooked filling in the cake pan.'),
(631, 1119, 9, 'Put the second crust over the filling and seal the sides.'),
(632, 1119, 10, 'Create holes on the secondary crust using a fork. This will serve as exhaust vents that will prevent the crust from deforming.'),
(633, 1119, 11, 'Bake for 45 to 55 minutes or until the color turns golden brown. Note: Baking time may vary; make sure to check the color of the crust to determine if baking is complete.'),
(634, 1119, 12, 'Let it cool and serve. Share and enjoy!'),
(645, 1121, 1, 'Preheat the oven to 320°F (160°C).'),
(646, 1121, 2, 'In a small pot over medium heat, whisk together the butter, cream cheese, and milk until melted and smooth. Remove from the heat and let cool.'),
(647, 1121, 3, 'In a large bowl, whisk the egg yolks until smooth, then slowly drizzle in the cream cheese mixture, stirring until evenly combined.'),
(648, 1121, 4, 'Sift in the flour and the cornstarch, whisking to make sure there are no lumps.'),
(649, 1121, 5, 'In another large bowl, beat the egg whites with a hand mixer until soft peaks form. Gradually add the sugar while continuing to beat until stiff peaks form.'),
(650, 1121, 6, 'Fold about ¼ of the egg whites and into the yolk mixture, then repeat with the remaining egg whites until the batter is evenly combined.'),
(651, 1121, 7, 'Grease the bottom of a 9 x 3-inch (23 x 7.5 cm) round cake pan, then line the bottom and sides with parchment paper. If using a springform pan, make sure to wrap the bottom and sides completely in foil twice to prevent any leakage.'),
(652, 1121, 8, 'Pour the batter into the pan and shake to release any large air bubbles.'),
(653, 1121, 9, 'Place the pan into a larger baking dish lined with 2 paper towels at the bottom. The paper towels ensure that the heat is distributed evenly along the bottom of the pan. Fill the larger pan about 1-inch (2-cm) high with hot water.'),
(654, 1121, 10, 'Bake for 25 minutes, then reduce the heat to 285°F (140°C), and bake for another 55 minutes, until the cake has risen to almost double its original height.'),
(655, 1121, 11, 'Remove from oven, and carefully invert the cake onto your dominant hand and peel off the paper. Be extremely careful, the cake will be hot. You can also invert the cake onto a plate, but this will cause the cake to deflate more.'),
(656, 1121, 12, 'Dust the top of the cake with powdered sugar, then slice and serve with strawberries while still warm. Enjoy!'),
(665, 1120, 1, 'Grease pan or baking dish with butter and set aside.'),
(666, 1120, 2, 'In a big, deep bowl, combine all the ingredients for the cassava cake and mix well until the sugar is dissolved.'),
(667, 1120, 3, 'Pour the mixture into the greased pan or baking dish and bake for 45 minutes to 1 hour at 375°F/180°C.'),
(668, 1120, 4, 'After the cake is baked, combine and mix all the ingredients for the custard in a bowl. Pour this on top of the pre-baked cassava cake and bake for another 15-25 minutes or until it turns golden brown.'),
(669, 1120, 5, 'Let it cool, then slice into square pieces. Enjoy!'),
(670, 1110, 1, 'For the cake batter, preheat the oven to 350°F. Lightly grease two 9-inch round cake pans with baking spray or butter, and line the bottoms with parchment paper.'),
(671, 1110, 2, 'In a large mixing bowl, whisk together the flour, baking powder, baking soda, salt, cinnamon, and nutmeg.'),
(672, 1110, 3, 'In a separate medium bowl, whisk together the sugars, oil, eggs, and vanilla until well combined. Pour the wet ingredients into the dry mixture and stir together just until combined and only a few streaks of flour remain.'),
(673, 1110, 4, 'Fold the carrots and pecans into the batter. Divide the batter evenly into the prepared pans.'),
(674, 1110, 5, 'Bake for 30 to 35 minutes, or until a toothpick inserted into the center comes out clean. Allow the cake layers to cool completely in the pans set on a wire cooling rack. Once cooled, invert the layers and remove the parchment paper.'),
(675, 1110, 6, 'For the cream cheese frosting, in a large mixing bowl with a hand mixer or a stand mixer fitted with the paddle attachment, beat the butter on medium speed until very soft and smooth, about 1 minute. Add the cream cheese and beat until fluffy, about 30 seconds.'),
(676, 1110, 7, 'With the mixer on low speed, gradually add in the powdered sugar. (Use more sugar for a firmer, sweeter frosting.) Once combined, scrap down the bowl and add the vanilla. Beat on medium-low speed until fluffy and easily spreadable, about 1 minute.'),
(677, 1114, 1, 'Heat oven to 350F and line a 9x13 baking dish with parchment paper.'),
(678, 1114, 2, 'Whisk together 2 1/2 cups of flour (300g) with the powdered sugar and salt, then pour in the melted butter and mix until combined. You can also do this using a stand mixer with a paddle attachment. If you\'d like a dash of vanilla can be added in with the butter at this step.'),
(679, 1114, 3, 'Sprinkle the dough into your lined pan and press down into a flat layer. Bake at 350F for about 20 minutes or until a light golden color.'),
(680, 1114, 4, 'While the crust is baking add the sugar to a food processor and add the zest of three lemons. Pulse until the zest is fully incorporated and sugar is a light yellow color. If you don\'t have a processor just mince the zest and mix with the sugar in a bag or bowl.'),
(681, 1114, 5, 'Add the sugar and remaining half cup of flour to a large bowl and mix well. You can sift together however and zesty sugar bits will need to get dumped out of the sifter as they might clog things up and not go through.'),
(682, 1114, 6, 'Pour in the lemon juice and add the eggs then mix very well until completely combined.'),
(683, 1114, 7, 'Pour the filling onto the warm crust then transfer to oven and bake for about 25 minutes, turning halfway through the bake. Remove from oven and allow to cool for an hour before chilling in the refrigerator for two hours.'),
(684, 1114, 8, 'Dust with powdered sugar and cut into bars using a clean, sharp, damp knife. Clean and re-wet the knife after each cut.'),
(685, 1115, 1, 'Heat the oven to 200C/180C fan/gas 6. Beat the salted butter, vanilla and sugar together with an electric whisk until pale and fluffy. Sift over the flour and beat again until just combined. Spoon the dough into a piping bag fitted with a medium star nozzle.'),
(686, 1115, 2, 'Pipe the dough in small 5cm swirls on one large or two smaller baking trays lined with baking parchment, spacing them apart to allow for them to spread. Bake for 15-20 mins until pale golden.'),
(687, 1115, 3, 'Leave to cool on the trays for 5 mins, then transfer to a wire rack to cool completely. Enjoy!'),
(700, 1117, 1, 'In a mixing bowl whisk together flour, cocoa powder, baking soda and salt, set aside.'),
(701, 1117, 2, 'In the bowl of an electric stand mixer fitted with paddle attachment cream together butter, granulated sugar and brown sugar until combined.'),
(702, 1117, 3, 'Mix in egg. Add in red food coloring, vanilla and vinegar.'),
(703, 1117, 4, 'Add flour mixture and mix just until combined. Mix in 3/4 cup white or semi-sweet chocolate chips (set aside remaining 1/3 cup to use after baking).'),
(704, 1117, 5, 'Cover bowl and chill dough 1 - 2 hours until dough is nearly firm. Preheat oven to 350 degrees near the end of dough chilling.'),
(705, 1117, 6, 'Scoop dough out and shape into balls about 1 1/2 tbsp each (or 28g). Transfer to parchment paper lined baking sheet spacing 2-inches apart.'),
(706, 1117, 7, 'Bake one sheet at a time (keep remaining dough chilled and repeat process), until cookies appear set on the edges but slightly under-baked in the center, about 10 - 11 minutes.'),
(707, 1117, 8, 'Remove cookies from oven and gently press some of the remaining white chocolate chips into tops.'),
(708, 1117, 9, 'Let cool on baking sheet 5 minutes, then transfer to a wire rack to cool.'),
(709, 1117, 10, 'Store the cookies in an airtight container. Keep a few bread slices or large flour tortillas in container with cookies to keep them soft.'),
(715, 1118, 1, 'In a large bowl using a handheld or stand mixer fitted with a paddle attachment, beat the butter, granulated sugar, and brown sugar together on medium high speed until fluffy and light in color, about 2-3 minutes. Add the egg and vanilla extract, and then beat on high speed until combined. Scrape down the sides and bottom of the bowl as needed.'),
(716, 1118, 2, 'In a separate bowl, whisk the flour, cocoa powder, baking soda, and salt together until combined. With the mixer running on low speed, slowly pour into the wet ingredients. Beat on low until combined and then beat in the chocolate chips. The cookie dough will be thick and very sticky. Cover dough tightly and chill in the refrigerator for at least 3 hours and up to 3 days. Chilling is mandatory for this sticky cookie dough.'),
(717, 1118, 3, 'Remove cookie dough from the refrigerator and allow to sit at room temperature for 10 minutes. If the cookie dough chilled longer than 3 hours, let it sit at room temperature for about 20 minutes. This makes the chilled cookie dough easier to scoop and roll.'),
(718, 1118, 4, 'Preheat oven to 350°F (177°C). Line large baking sheets with parchment paper or silicone baking mats. (Always recommended for cookies.) Set aside.'),
(719, 1118, 5, 'Scoop and roll dough into balls, about 1.5 tablespoons of dough each. A medium cookie scoop is helpful here. Roll each ball very lightly in granulated sugar, then generously in the confectioners’ sugar. Place 3 inches apart on the baking sheets.'),
(720, 1118, 6, 'Bake the cookies for 11-12 minutes or until the edges appear set and the centers still look soft. Tip: If they aren’t really spreading by minute 9, remove them from the oven and lightly bang the baking sheet on the counter 2-3x. This helps initiate that spread. Return to the oven to continue baking.'),
(721, 1118, 7, 'Cool cookies for 5 minutes on the baking sheet, and then transfer to a cooling rack to cool completely. The cookies will slightly deflate as they cool. '),
(722, 1118, 8, 'Cookies stay fresh covered at room temperature for up to 1 week.'),
(723, 1123, 1, 'For the cupcakes, heat oven to 350F and line your cupcakes tins with papers. Sift the flour, baking soda, baking powder, salt, and cocoa powder into a large bowl then whisk together and set aside.'),
(724, 1123, 2, 'Cream the butter and all-purpose sweetener for 2 minutes on high. Scrape the bowl down then add the vanilla and eggs one at a time while mixing on medium. Beat in the sour cream and scrape down once more then add the milk and mix on low until combined.'),
(725, 1123, 3, 'Transfer the flour mixture to your mixing bowl and mix on low until combined. Use a spatula to finish the batter off, mixing in and stray pockets of flour, milk etc.'),
(726, 1123, 4, 'Fill your cupcake papers up 2/3 the way up and bake at 350F for about 22 minutes or until the centers are springy to the touch.'),
(727, 1123, 5, 'For the frosting, beat the room temperature butter, salt, and powdered sugar on high for about 5 minutes or until light and fluffy then pour in 1-3 tbs cream or milk to achieve the desired consistency.'),
(728, 1123, 6, 'Divide the frosting into the desired number of bowls and color each batch using food coloring. I made red, green, and yellow frostings as well as a small batch of gold. It\'s always a good idea to leave some frosting uncolored to use for contrast or to lighten a colored batch.'),
(729, 1123, 7, 'For the cupcake decoration, use a spatula to cover the tops of the cooled cupcake with frosting.'),
(730, 1123, 8, 'Pour colored sanding sugars onto small plates then invert the cupcakes onto the sugar and press gently so the buttercream is covered. I used a medium round tip to pipe the tops of the ornaments with frosting I had tinted with gold lusted dust. Pipe additional decorations on top if desired and apply sugar pearls, crushed candy canes, and colorful candies for added interest.'),
(731, 1123, 9, 'Enjoy and celebrate the holiday spirit of Christmas!'),
(732, 1124, 1, 'In a medium bowl, whisk together the flour, baking powder, and salt.'),
(733, 1124, 2, 'In the bowl of a stand mixer fitted with the paddle attachment, beat the butter and sugar together on medium speed until light and fluffy, about 3 minutes. Beat in the egg, vanilla, and peppermint, stopping to scrape down the bowl once. With the mixer on low speed, add in the flour mixture. Beat just until the flour is combined. (If a little bit remains at the bottom of the bowl, remove the bowl and knead by hand a few times until incorporated.)'),
(734, 1124, 3, 'Remove half of the dough from the bowl. Add red food coloring and mix until well combined. (If using liquid, add about 1 teaspoon. If using gel, add a few drops. Add more if the color isn’t rich enough.) Wrap each dough separately in plastic wrap and press into a 1-inch thick disk. Refrigerate for 4 hours or until firm to the touch. (Dough can be chilled at this stage for up to 3 days.)'),
(735, 1124, 4, 'Preheat the oven to 375F. Line two baking sheets with parchment paper.'),
(736, 1124, 5, 'Cut dough into 1-inch cubes. Roll each cube into a ball. Lightly flour the surface and gently roll the dough balls into a 5-inch-long rope by rolling the ball up and down on the counter with your palm. Place the ropes side by side and carefully twist them together. Curve one end down an inch or so to create the handle of the candy cane. Place on the prepared baking sheets 1 inch apart.'),
(737, 1124, 6, 'Bake for 10 minutes, or until cookies appear dry. Immediately sprinkle the cookies with crushed peppermint. Let cool on the baking sheet for a few minutes and then transfer to a wire rack to cool completely.'),
(750, 1125, 1, 'Preheat the oven to 350°F (175°C). Then butter an 8x4-inch loaf pan.'),
(751, 1125, 2, 'In a mixing bowl, mash the ripe bananas with a fork until completely smooth. Stir the melted butter into the mashed bananas.'),
(752, 1125, 3, 'Mix in the baking soda and salt. Stir in the sugar, beaten egg, and vanilla extract. Mix in the flour.'),
(753, 1125, 4, 'Pour the batter into your prepared loaf pan. Bake for 55 to 65 minutes at 350°F (175°C), or until a toothpick or wooden skewer inserted into the center comes out clean. A few dry crumbs are okay; streaks of wet batter are not. If the outside of the loaf is browned but the center is still wet, loosely tent the loaf with foil and continue baking until the loaf is fully baked.'),
(754, 1125, 5, 'Remove from oven and let cool in the pan for a few minutes. Then remove the banana bread from the pan and let cool completely before serving. Slice and serve. (A bread knife helps to make slices that aren\'t crumbly.)'),
(755, 1125, 6, 'Enjoy!'),
(761, 1126, 1, 'Add the room-temperature cream cheese to a large bowl and whip on medium speed until creamy and smooth.'),
(762, 1126, 2, 'Add the powdered sugar and continue to whip until incorporated.'),
(763, 1126, 3, 'Add the whipping cream in a steady stream while the mixer is running on medium speed and continue mixing on medium speed until the whipping cream mixes smoothly with the cream cheese mixture.'),
(764, 1126, 4, 'Turn the mixer to high speed and let the mixture whip until it thickens and reaches the hard-peaks stage.'),
(765, 1126, 5, 'Crumble 24 of the Oreo cookies and set them aside in a bowl.'),
(766, 1126, 6, 'Add 24 Oreo cookies to the bottom of a 9-inch by 13-inch pyrex or glass pan.'),
(767, 1126, 7, 'Add 1/2 the cream mixture on top of the Oreo cookies and smooth it out as best you can to create an even layer.'),
(768, 1126, 8, 'Add another 24 Oreo cookies on top of the cream layer, adding a few of the crumbled Oreo cookies in between the whole ones.'),
(769, 1126, 9, 'Add the other half of the cream mixture, smoothing it out as evenly as possible to the edges of the pan.'),
(770, 1126, 10, 'Add the rest of the crumbled Oreo cookies on top of the cream layer, spreading out the crumbled cookies over the whole cream layer (to the edges).'),
(771, 1126, 11, 'Cover (optional) with a lid or tin foil (NOT plastic wrap, as this can cause condensation) and store in the fridge for 12 to 18 hours.'),
(772, 1126, 12, 'After sufficient refrigeration, slice and serve.'),
(773, 1127, 1, 'Peel the mangoes and cut the lobes off as close to the pit as possible. Thinly slice half of the mango lobes into ¹⁄₁₆-inch (15 mm)-thick slices, keeping the slices intact and transferring to a tray or plate. Cover and refrigerate until ready to assemble. Cut the remaining mango into ½-inch (1.24 cm) cubes. Transfer to a bowl, cover, and refrigerate until ready to assemble.'),
(774, 1127, 2, 'Add 2 cups of cream to a chilled large bowl and use an electric hand mixer to beat on medium-high speed until stiff peaks form, 3–5 minutes. Add the remaining 2 cups of cream and beat again until stiff peaks form, 3–5 minutes more.'),
(775, 1127, 3, 'Add half of the condensed milk and beat until fully incorporated. Add the remaining condensed milk, vanilla, and salt and beat until fully incorporated and stiff peaks form, 4–7 minutes. Give the mixture a final stir with a rubber spatula.'),
(776, 1127, 4, 'Line a chilled 7 x 11 (17 x 27 cm) -inch glass dish with parchment paper, leaving overhang on all sides.'),
(777, 1127, 5, 'Cover the bottom of the dish with a single layer of graham crackers, breaking to fill in any gaps as necessary. Spread 2–3 cups (480-720 ml) of the whipped cream mixture evenly over the graham crackers, all the way to the edges and corners of the dish. Top with ½ of the diced mango. Repeat to make another layer. For the final layer, arrange the graham crackers over the diced mango and top with 2–3 cups of whipped cream. Arrange the thinly sliced mango decoratively on top. Sprinkle crushed graham crackers around the edge of the float.'),
(778, 1127, 6, 'Cover the mango float in plastic wrap and refrigerate for 4–6 hours, until the cream sets and the graham crackers soften and absorb some moisture. Transfer the float to the freezer for 8 hours, or overnight.'),
(779, 1127, 7, 'Remove the float from the freezer and use the parchment paper to lift out of the dish. Let thaw for 5–10 minutes before slicing.'),
(780, 1127, 8, 'Serve with your favorite dessert wine, cocktail, coffee, or tea.'),
(781, 1127, 9, 'Enjoy!'),
(795, 1122, 1, 'Preheat the oven to 425°F.'),
(796, 1122, 2, 'In a large mixing bowl, toss the apple slices with the lemon juice. Add the sugar, flour, and spices. Stir until the apples are well coated.'),
(797, 1122, 3, 'On a lightly floured surface, roll one disc of pie dough into a 12-inch to 14-inch circle. Line a 9-inch pie pan with the dough, letting the excess hang over the edge. Pour the apple filling into the crust and pat it into an even layer, mounding it slightly in the center. Dot with butter.'),
(798, 1122, 4, 'Roll the second pie dough into roughly an 11-inch circle (about ⅛-inch thick). Place on top of the filling for a solid top, or cut the dough and arrange in the desired pattern. Trim the excess pie dough to about an inch from the edge of the pie plate, tuck the excess under and crimp the edges as desired. Cut slits in the top of the pie to create steam vents if covered with a solid top crust. Place on a rimmed baking sheet. Brush the crust with the beaten egg and sprinkle with additional sugar, if desired.'),
(799, 1122, 5, 'Bake for 20 minutes. Reduce the heat to 375°F and continue baking until the crust is a deep golden brown and the filling is bubbly, about 50 minutes to 1 hour. (If the crust browns too quickly at any point, loosely cover the whole pie or the edges with foil.) Let cool completely on a wire rack, about 4 hours.'),
(1022, 1131, 1, 'Prepare either pie crust recipe through step 5. In a large bowl, stir the cherries, sugar, cornstarch, lemon juice, vanilla, and almond extract together until thoroughly combined. Cover filling and place in the refrigerator as you roll out the pie dough or for up to 24 hours.'),
(1023, 1131, 2, 'On a floured work surface, roll out one of the discs of chilled dough (keep the other one in the refrigerator). Turn the dough about a quarter turn after every few rolls until you have a circle 12 inches in diameter. Carefully place the dough into a 9-inch pie dish. Tuck it in with your fingers, making sure it is smooth. Use a slotted spoon to spoon and spread the cherries into the crust. Reserve the juice for the next step. Refrigerate pie, uncovered, as you reduce the juices in the next step.'),
(1024, 1131, 3, 'Pour the few Tablespoons of leftover juice into a small saucepan over low heat. Cook and stir for 3-4 minutes or until juice has slightly reduced and thickened. Cool for 5 minutes, then pour over cherries in filling. Do your best to gently toss together—doesn’t have to be perfect. The reduction will harden and thicken as a result of mixing with the cold cherries. This is normal and it will melt again in the oven. Dot the pieces of butter on top of the filling.'),
(1025, 1131, 4, 'Preheat oven to 400°F (204°C).'),
(1026, 1131, 5, 'Remove the other disc of chilled pie dough from the refrigerator. Roll the dough into a circle that is 12 inches diameter. Using a pastry wheel, sharp knife, or pizza cutter, cut strips of dough—I cut four strips 2 inches wide and two strips 1 inch wide. Carefully thread the strips over and under one another, pulling back strips as necessary to weave. Press the edges of the strips into the bottom pie crust edges to seal. Use a small paring knife to trim off excess dough. Flute or crimp the pie crust edges with a fork.'),
(1027, 1131, 6, 'Lightly brush the top of the pie crust with the egg wash. Sprinkle the top with coarse sugar, if using.'),
(1028, 1131, 7, 'Place the pie onto a large baking sheet and bake for 20 minutes. Keeping the pie in the oven, turn the temperature down to 375°F (190°C) and bake for an additional 30-40 minutes or until the top crust is golden brown and the filling juices have been bubbling up around the edges or through the lattice/vents for at least 5 minutes. **After the first 20 minutes of bake time, I recommend placing a pie crust shield on the crust’s edges to prevent it from over-browning too quickly.'),
(1029, 1131, 8, 'Remove pie from the oven, place on a cooling rack, and cool for at least 3-4 hours before slicing and serving. Filling will be too juicy if the pie is warm when you slice it.'),
(1030, 1131, 9, 'Cover leftovers tightly and store in the refrigerator for up to 5 days.'),
(1031, 1132, 1, 'Gather all the ingredients.'),
(1032, 1132, 2, 'The day before baking, place the dried fruits in a large bowl. Add the tea and stir well. Cover and let sit at room temperature overnight.'),
(1033, 1132, 3, 'Position a rack in the center of the oven and heat to 325 F/170 C/Gas Mark 3. Line the bottom and sides of a greased 8 x 3-inch round cake pan with parchment paper.'),
(1034, 1132, 4, 'Place the butter and sugar in a large bowl.'),
(1035, 1132, 5, 'Using an electric hand whisk or fork, cream the butter and the sugar until the mixture is light, smooth, and creamy.'),
(1036, 1132, 6, 'Beat 1 egg into the creamed butter, then beat in 1/4 of the flour. Repeat until all the eggs and flour are used. Add the treacle, brandy, nutmeg, and lemon juice. Stir gently using a spoon or spatula. Stir in the baking powder.'),
(1037, 1132, 7, 'Drain the dried fruits and add to a separate large bowl with the ground almonds, glacé cherries, and candied peel. Stir well to combine. Add the fruit mixture to the cake mixture, folding gently, until all the fruits are incorporated into the mixture. Fold gently so as not to &quot;flatten&quot; the cake mixture.'),
(1038, 1132, 8, 'Spoon the mixture into the prepared cake pan and gently smooth and level the surface.'),
(1039, 1132, 9, 'Bake for 2 to 2 1/2 hours or until dark golden brown and a cake tester comes out clean. Remove to a rack and let cool, about 40 minutes.'),
(1040, 1132, 10, 'Remove from the cake pan and place on the rack to cool completely before serving.'),
(1077, 1129, 1, 'Preheat oven to 400 degrees F (204 degrees C).'),
(1078, 1129, 2, 'Line a 9 inch springform pan by covering it with 2 pieces of parchment paper. Make sure the parchment paper extends 1-2 inches out of the pan. This will help you remove the cheesecake.'),
(1079, 1129, 3, 'Using a stand mixer or hand mixer, whisk cream cheese and sugar together until well combined.'),
(1080, 1129, 4, 'Add the eggs and mix until smooth.'),
(1081, 1129, 5, 'Add the ube halaya, ube extract, vanilla extract, and salt. Mix until combined.'),
(1082, 1129, 6, 'Finally, add the heavy cream and all purpose flour. Mix until combined.'),
(1083, 1129, 7, 'Pour the batter into the prepared springform pan.'),
(1084, 1129, 8, 'Bake for 60-65 minutes until the cake is cooked through. To check if it&#039;s done, shake the cheesecake and if it jiggles like jello, it is done.'),
(1085, 1129, 9, 'Let the cheesecake cool down at room temperature for 1 hour and then place in the fridge to set for at least 3 more hours. This cheesecake tastes best if it sets in the fridge overnight.'),
(1086, 1106, 1, 'Preheat the oven to 350°F (177°C). Line a 12-cup muffin pan with cupcake liners. Line a second pan with 2 liners—this recipe makes about 14 cupcakes. Set aside.'),
(1087, 1106, 2, 'Whisk the cake flour, baking powder, baking soda, and salt together. Set aside.'),
(1088, 1106, 3, 'Using a handheld or stand mixer fitted with a paddle attachment, beat the butter and sugar together on high speed until smooth and creamy, about 2 minutes. Scrape down the sides and up the bottom of the bowl with a rubber spatula as needed. Add the egg whites and vanilla extract. Beat on medium-high speed until combined, then beat in the sour cream. Scrape down the sides and up the bottom of the bowl as needed. With the mixer on low speed, add the dry ingredients until just incorporated. With the mixer still running on low, slowly pour in the milk until combined. Do not over-mix. Gently and slowly whisk in the sprinkles. The batter will be slightly thick.'),
(1089, 1106, 4, 'Pour/spoon the batter into the liners. Fill only 2/3 full to avoid spilling over the sides. Bake for 19-22 minutes, or until a toothpick inserted in the center comes out clean. For around 30 mini cupcakes, bake for about 11-13 minutes, same oven temperature. Allow the cupcakes to cool completely before frosting.'),
(1090, 1106, 5, 'Frost cooled cupcakes with vanilla buttercream. I tinted it with 1 drop Dusty Rose Gel Food Coloring and used Ateco 849 piping tip. You can watch me decorate the cupcakes in the video above.'),
(1091, 1106, 6, 'Leftover cupcakes keep well covered tightly in the refrigerator for 3 days.'),
(1092, 1133, 1, 'Prep equipment: Preheat oven to 350 F. Line a 9 x 5-inch loaf pan with parchment paper and spray with nonstick spray.'),
(1093, 1133, 2, 'Mash bananas: In a medium bowl, mash ripe bananas until smooth and slightly chunky. Set aside.'),
(1094, 1133, 3, 'Cream butter and sugar: In a separate large bowl, whisk together melted or softened butter and brown sugar until smooth.'),
(1095, 1133, 4, 'Add remaining wet ingredients: Add eggs and whisk until smooth. Then, add milk and vanilla extract until combined. Add the now mashed bananas to the batter and fold to combine.'),
(1096, 1133, 5, 'Stir in dry ingredients: Add flour, cinnamon, baking soda and salt to batter and gently stir until just combined. Do not over mix, batter lumps are okay.'),
(1097, 1133, 6, 'Fold in mix-ins: Gently fold in pecans and chocolate chips or chopped chocolate (reserve 1/4 cup for topping) until just combined.'),
(1098, 1133, 7, 'Bake: Pour batter into a prepared loaf tin and smooth the top. Top with extra banana slices and remaining chocolate. Bake for 50-60 minutes, or until a toothpick inserted into the center comes out clean and the top is golden brown.'),
(1099, 1133, 8, 'Cool and slice: Allow banana bread to cool for 15-20 minutes before transferring to a wire rack to cool completely before slicing. Slice and enjoy!'),
(1107, 1105, 1, 'Ensure an oven rack in the middle and preheat the oven to 350°F (180°C).'),
(1108, 1105, 2, 'Butter the insides of three 8” cake pans and line the bottoms with a circle of parchment paper. Dust a very light coating of flour inside the pans.'),
(1109, 1105, 3, 'Whisk together your cake flour, baking powder, and salt in a small bowl for about 30 seconds.'),
(1110, 1105, 4, 'Combine your buttermilk, ube jam, and ube extract in a measuring cup. Mix thoroughly to completely dissolve the ube until your buttermilk turns a bright purple and is very smooth. Set aside.'),
(1111, 1105, 5, 'In the bowl of a stand mixer or a large mixing bowl, add your butter, brown sugar, and oil and beat with the paddle attachment for a minute until it’s combined.'),
(1112, 1105, 6, 'Add your egg yolks to the butter-sugar, one at a time. Make sure the previous yolks are blended in before adding the next. Then add your egg(s). Beat this on medium speed for one minute until it’s slightly lighter in color and texture.'),
(1113, 1105, 7, 'We will now alternate flour mixture (dry) / buttermilk mixture (wet) ingredients. I like to do this with a spatula to minimize overmixing the batter. If you have reasonable control over your mixer on its lowest setting, feel free to use that if you like. Add the dry in 3 additions and the wet in 2 additions as follows: Add half of your flour mixture to the bowl. Mix until all the flour has just been incorporated. Scrape down with a spatula. Add in half of your buttermilk, mix, and scrape. Next, add half of your remaining flour mixture, mix, and scrape. Add the rest of your buttermilk, mix, and scrape. Finish with the rest of the flour. You got it - mix and scrape ;)'),
(1114, 1105, 8, 'Evenly distribute the batter into the prepared pans.'),
(1115, 1105, 9, 'Bake for about 35-40 mins or until a skewer inserted in the center comes out with a few crumbs attached. (Start around 30 mins.) If you do not have three pans, you can bake them one after another. Let the batter sit out at room temperature until you’re ready to bake it.'),
(1116, 1105, 10, 'Move the pans to a cooling rack and allow the cake to cool in the pans completely.'),
(1117, 1105, 11, 'Loosen the edges of the cakes using an offset spatula or butter knife, and flip the cakes out onto a cooling rack so you can peel off the parchment bottom. Make sure they are completely cool before assembling and/or frosting.'),
(1118, 1105, 12, 'For the frosting, using the whisk attachment, beat the butter on medium-high speed for at least 5 minutes until it has become slightly paler in color and a little fluffier.'),
(1119, 1105, 13, 'Add the sweetened condensed milk in thirds. Add the first third, and whip on medium-high speed until thoroughly combined. Repeat with the rest of the condensed milk. Once all the milk has been added, continue to whisk for another minute. You should have a thick creamy buttercream that balls up inside the whisk.'),
(1120, 1105, 14, 'If your buttercream looks greasy, curdled, or broken at any time during this process, it’s because the butter was too cold. Just keep mixing; eventually, the butter will warm as it mixes.'),
(1121, 1105, 15, 'Now let’s finalize the buttercream’s texture, flavor, and color. Switch over to the paddle attachment. The whisk adds many air pockets, and we need to smooth those out.'),
(1122, 1105, 16, 'Taste it - add more condensed milk if desired. (see Adriana’s notes above.) Some bakers like the flavor of just sweetened condensed milk. I always add salt, which adds another complexity in taste to a sweet frosting and a splash of vanilla.'),
(1123, 1105, 17, 'You may notice that the buttercream is cream-colored due to the condensed milk and butter. If you want a whiter frosting, take a tiny (like dip a toothpick’s end) in some purple gel food coloring. This will cancel out the orange and yellow hues. Start small with this step. You can always add more but cannot take away if it turns out too purple.'),
(1124, 1105, 18, 'Mix the buttercream on low speed until you reach a smooth, spreadable, and soft texture, about 2-3 minutes. You can use the frosting immediately or store it in the fridge for future use for at least a few weeks. Just let it come to room temperature, smooth it on the mixer, and you’re good to go.'),
(1125, 1134, 1, 'In a big bowl, start whisking the egg whites and cream of tartar until it stiff peaks form. Slowly put the sugar portion at a time into the mixture.'),
(1126, 1134, 2, 'On a separate bowl, start sifting all purpose flour and baking powder. Then, add the measured portion of salt and white sugar. Mix well and set aside.'),
(1127, 1134, 3, 'On making the batter, mix the egg yolks, milk, ube flavoring, and ube halaya into another container then stir well. Now, add the dry mixture portion at a time while mixing until it becomes smooth. After that, put the egg whites mixture portion at a time. Scrape the sides of the bowl to properly incorporate the mixture.'),
(1128, 1134, 4, 'In a 6×6 pan with parchment paper, place each half of the ube cake mixture for each pan. Do not forget to give it a good tap to remove air bubbles.'),
(1129, 1134, 5, 'Bake it at 340°F or 170 °C preheated oven for 28-35 mins. Place on a baking rack and gently remove the cake from the pan. Make sure to remove the parchment paper as you wait for it to cool down.'),
(1130, 1134, 6, 'For the frosting, prepare to mix the cream cheese, white sugar, and vanilla. Beat until you achieve the smooth texture. Add all purpose cream in between every whisk.'),
(1131, 1134, 7, 'On assembling the cake, cut it into half then put one of the four halfs into a blender or grinder. Grind some for decoration of the outer covering later. Layer each of the cake with enough frosting. Cover the entire cake with the remains and the extra frostings can be put into a piping bag. Start customizing you Ube Cake ala Red Ribbon. Enjoy!'),
(1132, 1130, 1, 'Preheat the oven to 180C/160C Fan/Gas 4. Grease and line a 900g/2lb loaf tin or 20cm/8in round tin.'),
(1133, 1130, 2, 'Cream the butter and sugar with an electric whisk in a large mixing bowl until very pale and fluffy. Add the \r\nbeaten egg, a little at a time, whisking well after each addition. Then whisk in the vanilla extract.'),
(1134, 1130, 3, 'Sift the flour and salt into a large bowl, then fold it gently into the butter and egg mixture'),
(1135, 1130, 4, 'Divide the cake batter into two equal portions (about 350g each)'),
(1136, 1130, 5, 'Add the milk to one portion of the mixture, stirring gently until well combined'),
(1137, 1130, 6, 'Mix the cocoa powder and the coffee together in a mug to form a smooth paste. Stir this paste into the other \r\nportion of the cake batter until thoroughly combined.'),
(1138, 1130, 7, 'Spoon large blobs of each cake mixture into the prepared tin, alternating the flavours to give a marble effect. \r\nBake for 50–60 minutes until the cake is springy to the touch and a wooden skewer inserted into the centre \r\nof the cake comes out clean.'),
(1139, 1130, 8, 'Allow the cake to cool in the tin for 10 minutes, then turn out onto a wire rack and cool completely before \r\nslicing.'),
(1140, 1135, 1, 'Preheat the oven to 400 degrees F (200 degrees C).'),
(1141, 1135, 2, 'Butter a 9-inch cake pan. Cut a sheet of parchment paper large enough to line the inside of the pan by a few extra inches. Butter the paper and press it into the pan, flattening any major creases. Trim away any excess paper from the sides until you have an inch or two of overhang.'),
(1142, 1135, 3, 'Combine cream cheese, sugar, flour, and salt in a bowl; stir and smear together with a spatula until very smooth and creamy.'),
(1143, 1135, 4, 'Add vanilla and 1 egg; whisk to combine. Whisk in remaining eggs, one at a time. Pour in heavy cream and mix until smooth.'),
(1144, 1135, 5, 'Pour batter into the prepared pan. Tap the pan against the counter to burst any excess air bubbles.'),
(1145, 1135, 6, 'Bake in the preheated oven until puffed, very well browned, and nearly burned on the edges, 50 to 55 minutes. Increase oven temperature to 425 degrees F (220 degrees C) for the last 10 minutes.'),
(1146, 1135, 7, 'Let cheesecake cool to room temperature, at least 25 minutes. Lift out onto a plate and peel back parchment paper, using a knife or spatula if needed. Refrigerate until thoroughly chilled, 4 hours to overnight.'),
(1147, 1136, 1, 'In a mixing bowl, mix together milk, shortening, sugar and salt.'),
(1148, 1136, 2, 'Add half of the flour and the bloomed yeast and mix for 3-5 minutes at medium speed until a paste-like consistency is achieved.');
INSERT INTO `rcp_steps` (`Rcp_step_ID`, `Recipe_ID`, `Step_num`, `Step_description`) VALUES
(1149, 1136, 3, 'Add the egg yolks and the rest of flour and mix for another 3 minutes. Add more flour if the mixture is too liquid or too sticky but not too much.The dough is supposed to be sticky.'),
(1150, 1136, 4, 'Scrape the sides while folding the dough in the middle of the bowl and then cover with kitchen towel. Let it rest and rise in a warm place for 2-3 hours or until it doubled its size.'),
(1151, 1136, 5, 'Scrape the sides of the bowl while tipping the sticky dough over to the thinly floured working surface.'),
(1152, 1136, 6, 'Roll the dough into a log and cut into 2. Roll each log again and cut into 2. Repeat this process until you end up with 16 slices.'),
(1153, 1136, 7, 'Using a rolling pin, roll a slice into a rectangle (about 8x4 inch) and brush the surface with softened butter. Roll it from one end of the long side to the other end, creating a long, thin log then shape it into a coil (spiral) with the end tucked under.'),
(1154, 1136, 8, 'Place each coiled dough in a greased mold and let it rest in a warm place for about 30 minutes to 1 hour until it has risen to almost double its size.'),
(1155, 1136, 9, 'Bake them in a preheated oven at 300°F /150°C for 20-25 minutes. Once baked let them cool down for a few minutes before removing from molds.Then let them cool completely.'),
(1156, 1136, 10, 'Meanwhile, prepare the buttercream by creaming ½ cup of softened butter and ½ cup powdered sugar.'),
(1157, 1136, 11, 'Using a knife or spoon, cover the top of the ensaymadas with buttercream and lastly with a generous amount of grated cheese.'),
(1158, 1137, 1, 'For Pistachio Ganache,  this filling needs about 2 hours to set, so I recommend making it before the macaron shells. It can also be made up to a week in advance. I usually make it the night before.'),
(1159, 1137, 2, 'Pour 180g of heavy cream and 60g of shelled and peeled pistachios into a small saucepan. Heat the cream over medium heat until it just starts to simmer/bubble.'),
(1160, 1137, 3, 'Pour the pistachios and cream into a medium-sized bowl. Add 240g of white chocolate into the bowl and make sure all the white chocolate is submerged beneath the cream. Let the mixture sit for a couple of minutes, then use an immersion blender to combine the ingredients until the pistachios are broken down into small pieces.'),
(1161, 1137, 4, 'If desired, add a small drop of neon green gel food coloring and a sprinkle of fine salt. This ganache is naturally a greenish-yellow color, but I usually add a bit of coloring to give it a brighter green color.'),
(1162, 1137, 5, 'Press a piece of plastic wrap flush against the ganache and place the bowl in the fridge to chill for about 2 hours. If you want to accelerate the cooling process, stir the ganache in 15-minute intervals.'),
(1163, 1137, 6, 'For Pistachio Macaron Shells, line two large baking sheets with parchment paper or silicon mats. Set aside.'),
(1164, 1137, 7, 'Use a food processor to finely grind 35g of pistachios. The mixture should look dry. Stop mixing if the pistachios begin to release oil and look wet. Sift the pistachios through a fine mesh sieve. Set aside.'),
(1165, 1137, 8, 'Pour 110g of aged egg whites into the bowl of a stand mixer with a whisk and mix on medium speed until the surface of the egg whites is covered in small bubbles. Add in a pinch of cream of tartar and continue to mix until the mixture has soft peaks.'),
(1166, 1137, 9, 'Gradually mix 110g of granulated sugar into the eggs over a few minutes while mixing on a medium-low speed (speed 4 on a KitchenAid). Then increase the mixing speed to a medium-high speed (speed 6 on a KitchenAid). Keep mixing until stiff, glossy peaks form.'),
(1167, 1137, 10, 'Sift 105g of superfine almond flour, 125g of powdered sugar, and 35g of finely chopped pistachios into the meringue. If you&#039;re a little bit short on ground pistachios (sometimes large chunks can&#039;t be sifted and you lose some in the process), add in additional almond flour to make up the difference.'),
(1168, 1137, 11, 'If desired, add a small squirt of neon green gel food coloring to brighten up the green color of the shells, then fold the ingredients together with a rubber spatula. Use a circular motion that sweeps around the edge of the bowl and then pulls through the bottom of the bowl to make sure everything is getting mixed together.'),
(1169, 1137, 12, 'Fold until a thick ribbon of batter runs off the spatula when it is lifted. You should be able to draw a couple of figure 8s with the batter running off your spatula when it is the right consistency. If the stream of batter breaks before you&#039;re able to do this, you may need to stir it a bit more.'),
(1170, 1137, 13, 'Pour the batter into a large piping bag fitted with a medium-sized round piping tip and pipe 1 1/2-inch rounds on the prepared baking sheets, spacing them about 1 inch apart.'),
(1171, 1137, 14, 'Bang the pans firmly on the counter a few times to release air bubbles, then pop any remaining air bubbles that come to the surface with a toothpick.'),
(1172, 1137, 15, 'Let the macarons rest for 30 minutes, or until they develop a skin. The macarons should look matte once the skin has formed. While the macarons rest, preheat the oven to 315 F / 157 C.'),
(1173, 1137, 16, 'Bake one tray of macarons at a time on the middle rack of your oven for 18-21 minutes and rotate the pan halfway through to help them bake evenly.'),
(1174, 1137, 17, 'Remove the shells from the oven and let them cool fully on the pan, then gently remove them from the Silpat mat and pair them together. If you make the shells in advance, they can be stored at room temperature in an airtight container for up to 2 days. Set aside.'),
(1175, 1137, 18, 'For assembling, pipe a dollop of pistachio ganache onto one macaron shell. If the ganache is too firm to pipe with straight out of the fridge, let it sit at room temperature for about 30 minutes to warm up. Gently press a second shell on top to create a sandwich.'),
(1176, 1137, 19, 'This step is optional, but I chose to drizzle melted white chocolate on top of the macarons and add a sprinkle of chopped pistachios. It gives them such a pretty finished look!'),
(1177, 1137, 20, 'Place the finished macarons in an airtight container and chill them in the fridge overnight, then enjoy. Remove the macarons from the fridge about 15 minutes before you want to eat them to let them come to room temperature. Store any leftover macarons in the fridge for up to a week.'),
(1178, 1116, 1, 'For the cake batter,  preheat the oven to 350 degrees F. Butter and flour three 6-inch cake pans.'),
(1179, 1116, 2, 'In a medium bowl, sift together the flour, salt, and baking soda.'),
(1180, 1116, 3, 'In a large mixing bowl or the bowl of a stand mixer fitted with a paddle attachment, cream the butter on medium speed. Add in sugar and mix on medium until light and fluffy, about 3 minutes. Add the eggs in one at a time, beating each until well combined. Beat in the vanilla.'),
(1181, 1116, 4, 'Sift the cocoa powder into the butter mixture and beat just until combined. Scrape down the bowl.'),
(1182, 1116, 5, 'In a liquid measuring cup, mix together the buttermilk, vinegar, and red food coloring. (The more you use the brighter the color when baked.)'),
(1183, 1116, 6, 'With the mixer on low speed, add half of the flour mixture followed by half of the buttermilk mixture to the mixing bowl, beating just until combined. Repeat with the remaining flour and buttermilk. Stop and scrape down the bowl occasionally. Divide the batter among the prepared pans.'),
(1184, 1116, 7, 'Bake for about 30 to 35 minutes or until the centers are springy to the touch. When done, let them cool in their pans for about 10 minutes, then turn them out onto a wire rack to cool completely.'),
(1185, 1116, 8, 'For the cream cheese frosting, in a large mixing bowl or the bowl of a stand mixer fitted with the paddle attachment, beat the butter and cream cheese together on medium speed until smooth and fluffy, about 3 minutes.'),
(1186, 1116, 9, 'Add the vanilla and salt and beat until combined and sift the confectioner&#039;s sugar into a large bowl'),
(1187, 1116, 10, 'With the mixer on low speed, gradually the sugar into the butter mixture until combined. Stop and scrape down the bowl occasionally. Increase speed to medium and beat until fluffy, about 1 minute. Place about a cup of frosting to a piping bag with a decorative tip.'),
(1188, 1116, 11, 'For the assembly, place a cake layer on a cake stand or serving plate. Spread about ½ cup of frosting on top of the cake. Place another cake layer on top and repeat with the frosting. Top with the final cake layer and spread the remaining frosting all over the top and sides of the cake.'),
(1189, 1116, 12, 'Use a bench scraper or offset spatula to smooth out the cake. Pipe a decorative border on top of the cake or as desired. Chill the cake for about 1 hour or until the frosting is set. Any leftover cake should be covered and can be stored at room temperature for up to 2 days or refrigerated for up to 1 week.');

-- --------------------------------------------------------

--
-- Table structure for table `recipes`
--

CREATE TABLE `recipes` (
  `Recipe_ID` int(255) NOT NULL,
  `User_ID` int(100) NOT NULL,
  `Recipe_Name` varchar(100) NOT NULL,
  `Rcp_Description` text NOT NULL,
  `Preparation_Time` varchar(100) NOT NULL,
  `Cook_Time` varchar(100) NOT NULL,
  `Servings` varchar(100) NOT NULL,
  `Rcp_Picture` varchar(255) NOT NULL,
  `Date_Created` timestamp NOT NULL DEFAULT current_timestamp(),
  `Date_Updated` timestamp NOT NULL DEFAULT current_timestamp() ON UPDATE current_timestamp()
) ENGINE=InnoDB DEFAULT CHARSET=utf8mb4 COLLATE=utf8mb4_general_ci;

--
-- Dumping data for table `recipes`
--

INSERT INTO `recipes` (`Recipe_ID`, `User_ID`, `Recipe_Name`, `Rcp_Description`, `Preparation_Time`, `Cook_Time`, `Servings`, `Rcp_Picture`, `Date_Created`, `Date_Updated`) VALUES
(1103, 3, 'Chocolate Layer Cake', 'This oil-based chocolate cake strikes an ideal balance between dense and fudgy and light and fluffy. It’s ultratender thanks to cake flour. The frosting, a variation on German buttercream, uses a chocolate pudding base whipped with butter to create a complement to the cake that’s both rich and airy.', '15', '120', '12', 'uploads/chocolatelayercake.jpg', '2024-06-05 22:08:05', '2024-08-11 12:25:25'),
(1104, 3, 'Brookies', 'These Brookies are rich, fudgy and decadent bars made with half brownie and half chocolate chip cookie. Easy to make with basic pantry ingredients this is the ultimate way to enjoy your two favorite sweet treats in one!', '15', '40', '15', 'uploads/brookies.jpg', '2024-06-05 22:27:39', '2024-06-10 03:57:49'),
(1105, 3, 'Ube Macapuno Cake', 'Ube is a tuber or a large part of the underground root structure of some plants. A common type of tuber is potatoes. Ube is a species of yam that is bright purple and is thought to originate from the islands of Southeast Asia. It’s an essential crop for the Philippines, where it is used in many traditional dishes. My ube cake is super moist and has a vibrant purple crumb. The beautiful nutty flavor comes from ube paste and extract and complements the tanginess of buttermilk in my recipe.', '60', '45', '16', 'uploads/eliz-patisserie.jpg', '2024-06-06 03:59:23', '2024-08-20 15:28:40'),
(1106, 3, 'Confetti Sprinkle Cupcakes', 'These soft and fluffy confetti cupcakes are above standard; taking everything you love about professional bakery cupcakes and converting them into a homemade recipe. For successful results, follow this recipe closely including using cake flour, only egg whites (no yolks), and sour cream. If desired, use chocolate frosting instead.', '25', '20', '14', 'uploads/birthdaycupcake.jpg', '2024-06-06 04:03:25', '2024-06-13 12:23:28'),
(1108, 3, 'Sourdough Bread', 'This beginner sourdough recipe is perfect for bakers looking to jump right in! It is a low-hydration dough, meaning it will yield a ‘tight’ crumb (small holes). It is great for sandwiches and toast.', '780', '60', '15', 'uploads/sourdough-country-loaves-sliced.jpg', '2024-06-09 08:19:52', '2024-06-13 06:50:44'),
(1110, 5, 'Carrot Cake', 'This classic carrot cake recipe has it all: an addictively moist crumb, subtle, warm spices, plenty of sweet carrot flavor, crunchy pecans, and a rich, tangy cream cheese frosting.', '20', '50', '16', 'uploads/carrotcake.jpeg', '2024-06-13 11:59:20', '2024-08-11 12:55:57'),
(1111, 5, 'Classic Chiffon Cake', 'Tender and light as air, this chiffon cake is a scaled to a modern recipe perfect for any occasion. It is tall and fluffy while being soft and springy. Plus, thanks to the egg yolks and oil, this cake is unbelievably moist. Delicious on its own or topped with powdered sugar!\r\n\r\n', '20', '60', '10', 'uploads/chiffoncake.jpg', '2024-06-13 12:06:55', '2024-08-11 12:59:57'),
(1114, 5, 'Lemon Bars', 'Lemon bars are one of the easiest desserts to make but they’re guaranteed to bring a smile to your face. I love the soft lemon filling paired with a crisp shortbread crust and the flavor is beyond delicious; so bright and zingy with all the lemon flavor from the juice and zest, they’re simply irresistible oh so delicious!', '20', '55', '15', 'uploads/lemonbars.jpg', '2024-08-11 13:16:31', '2024-08-11 13:16:31'),
(1115, 5, 'Butter Swirl Cookies', 'These simple and easy butter cookies will melt in your mouth where they\'re deliciously soft, decadent, and crumbly. Make and give these as a homemade edible gift.', '20', '15', '20-25', 'uploads/buttercookies.jpg', '2024-08-11 20:46:43', '2024-08-11 20:46:43'),
(1116, 5, 'Red Velvet Cake', 'This velvety cake is so incredibly soft, tender, moist and pairs wonderfully with my tangy and sweet cream cheese frosting. With its wonderful velvety texture and fluffy frosting, you won’t be able to get enough of this irresistible cake. Why not try making this recipe.', '90', '55', '12', 'uploads/RED-VELVET-CAKE-23-S-01.jpg', '2024-08-11 21:20:08', '2024-08-11 21:27:06'),
(1117, 5, 'Red Velvet Cookies', 'These cookies are deliciously soft and chewy, gorgeously red along with a pretty white chocolate chip contrast, and they’re perfectly sweet with hints of vanilla and cocoa flavor.  It\'s a tempting treat that\'s perfect for Christmas or Valentines.', '15', '20', '23', 'uploads/redvelvetcookies.jpg', '2024-08-11 21:41:00', '2024-08-11 21:41:00'),
(1118, 4, 'Chocolate Crinkle Cookies', 'These decadent cookies are a cut above the rest because they’re as rich and fudgy as homemade brownies. They’re thick and soft-baked in the centers with a little extra chocolate for good measure! This recipe is a combination of American and Filipino version of the crinkle cookies.', '90', '30', '20-24', 'uploads/chocolate_crinkles_cookies_1200.jpg', '2024-08-11 21:56:41', '2024-08-12 02:53:50'),
(1119, 4, 'Filipino Buko Pie', 'One of the all-time favorite “pasalubong” is the buko pie. This sweet and rich pie is made from young coconut meat which is locally known as “Buko” meat. “Pasalubong”, on the other hand, is a gift for a family member or friend bought by a traveler returning from a trip.', '18', '55', '10', 'uploads/buko-pie-recipe-card-1.jpg', '2024-08-11 22:08:51', '2024-08-11 22:08:51'),
(1120, 4, 'Cassava Cake', 'This dessert is made from grated cassava, coconut milk, and condensed milk with a cheese and custard layer on top. It is a very popular dish in the Philippines, where it is commonly eaten for merienda. It is also served during gatherings and special occasions. Feel free to try this delicacy of a culture.', '15', '80', '9', 'uploads/cassava-bibingka.jpg', '2024-08-11 22:38:32', '2024-08-11 22:38:32'),
(1121, 4, 'Japanese Cheesecake', 'This classic Japanese dessert is a delightful fusion of lightness and creaminess, achieved through the meticulous combination of egg yolk custard with whipped meringue to create that signature bounce. Adding cream cheese, butter, and milk to the custard provides a rich and indulgent dimension to each bite. With patience and precision, you\'ll master the techniques to achieve the perfect balance of airy texture and decadent taste in every slice of this beloved Japanese treat.', '25', '80', '8', 'uploads/Japanese-Cotton-Cheesecake-Takestwoeggs-final-photography-2.jpg', '2024-08-11 22:58:21', '2024-08-11 22:58:21'),
(1122, 3, 'Apple Pie', 'With a mountain of gooey, cinnamon-kissed apples nestled under a perfectly buttery and flaky pie crust, this is most certainly my favorite apple pie recipe. To bring out the best apple flavor and texture, pre-cook the filling for only about 5 minutes on the stove. Bake and cool the pie, and then top with vanilla ice cream for the ultimate homestyle dessert.', '30', '75', '8', 'uploads/applepie.jpg', '2024-08-12 02:49:21', '2024-08-18 13:09:02'),
(1123, 3, 'Christmas Ornament Cupcakes', 'These cupcakes are easy and festive chocolate cupcakes decorated as Christmas ornaments full of chocolate flavor, and have less sugar. Made with sweetness from stevia leaf extract are a must-have for the holidays - for everything from baking to beverages and even savory glazes!', '30', '25', '15', 'uploads/christmascupcakes.jpg', '2024-08-12 03:21:19', '2024-08-12 03:21:19'),
(1124, 3, 'Vegan Candy Cane Cookies', 'This tasty festive cookies recipe is a classic Christmas treat! Made with a simple red and white cookie dough with peppermint flavoring, these cookies are twisted together into a candy cane shape! Soft with a crisp edge, these cookies are festive, fun, and always a hit with the kids.', '10', '13', '32', 'uploads/vegancandy.jpg', '2024-08-12 03:36:54', '2024-08-12 03:36:54'),
(1125, 4, 'Banana Bread', 'This Filipino version of banana bread recipe creates the most delicious, moist loaf with loads of banana flavor. Why compromise the banana flavor? Friends and family love my recipe and say it\'s by far the best! It tastes wonderful toasted.', '15', '60', '8-10', 'uploads/bananabread.jpg', '2024-08-12 03:52:30', '2024-08-12 03:55:02'),
(1126, 12, 'Oreo Float Cake', 'This easy cookies and cream Oreo float cake is the perfect creamy and chilling no bake summer dessert! Perfect to beat the hot vibes of summer breeze. Only 4 ingredients required!', '35', 'n/a', '12', 'uploads/oreo float.jpg', '2024-08-13 10:40:25', '2024-08-13 10:40:25'),
(1127, 12, 'Mango Graham Float', 'This Filipino icebox dessert consists of layers of graham crackers, sweetened whipped cream, and ripe tangy mango. Be sure to chill everything, especially the cream, condensed milk, glass dish, mixing bowl, and beaters for the mixer. This will help the cream whip more quickly and everything come together well during assembly. Thaw the float before serving, or serve slightly frozen. Enjoy with your favorite dessert wine, cocktail, coffee or tea!', '18', '45', '10', 'uploads/mango.jpg', '2024-08-13 11:13:08', '2024-08-13 11:13:08'),
(1129, 3, 'Ube Basque Cheesecake', 'This ube basque cheesecake combines the flavors of the Philippines and Spain. Ube halaya and ube extract give this cheesecake its unique flavor and color. Combine those flavors with traditional Spanish cooking technique and you have the perfect creamy dessert that you can bring to any dinner party.', '30', '60', '10', 'uploads/Cheesecake-03.jpg', '2024-08-18 13:31:12', '2024-08-20 14:05:43'),
(1130, 12, 'Butter Marble Cake', 'This delicate super easy chocolate butter marble cake recipe has a coffe flavor twist to it, further enhancing its decadent flavor. A recipe perfect tea time treat with family or friends.', '20', '50-55', '10', 'uploads/img_9165.jpg', '2024-08-18 15:04:26', '2024-08-29 04:06:56'),
(1131, 3, 'Golden Crust Cherry Pie', 'This recipe is better than ever. My homemade cherry pie is perfectly sliceable with a thick almond-hinted cherry pie filling and a golden brown buttery flaky pie crust. The ingredients are exactly the same as when I originally published the recipe in 2017, but quartering *some* of the cherries instead of just halving and reducing some juices on the stovetop both guarantee that the pie filling will set up perfectly. As always, wait for the pie to cool completely before slicing, which is another non-negotiable that helps avoid a soupy pie filling.', '90', '55', '10', 'uploads/2023_kirsch_pie_9469.jpeg', '2024-08-18 16:21:32', '2024-08-19 17:51:41'),
(1132, 3, 'British Rich Fruitcake', 'This fruitcake is fantastic! It is moist, loaded with fruit, and utterly irresistible. Those who think fruitcake is dry, hard, and tasteless have never tried this recipe for a rich British-style fruitcake. It is chock-full of dried fruit that is soaked in tea overnight and flavored with treacle, brandy, nutmeg, and lemon juice. The ground almonds, glacé cherries, and candied peel contribute even more levels of taste and wonderful texture.', '30', '90', '14', 'uploads/britishfruit.jpg', '2024-08-19 18:11:01', '2024-08-19 18:11:01'),
(1133, 12, 'Banana Chocolate Chip Cake', 'Here is a recipe with the volume turned up thanks to pecans and an entire bag of chocolate chips. Learn my secret to an incredibly moist banana loaf cake to serve at brunch, with a morning cup of coffee or even with a scoop of ice cream for a decadent, banana-filled dessert!', '15', '60', '10', 'uploads/banana.jpg', '2024-08-20 14:37:57', '2024-08-20 14:37:57'),
(1134, 4, 'Ube Overload Cake', 'This easy ube cake recipe will guide you step by step to make ube cake or purple yam cake. Ube cake is one of the popular traditional filipino cake and this purple filipino cake comes with ingredients and procedure to make ube cake ala red ribbon. Try the below recipe and enjoy your day.', '15', '45-55', '7', 'uploads/ube-cake.jpg', '2024-08-20 15:26:46', '2024-08-20 15:36:18'),
(1135, 4, 'Burnt Basque Cheesecake', '&quot;Burnt&quot; Basque cheesecake is made by baking the cheesecake in a very hot oven to deliver a beautiful, dark exterior full of bittersweet notes that complements the creamy light interior. The original recipe was developed in the 1970s, at a cafe in San Sebastian called La Vina. I adapted it to fit a standard cake pan rather than the large springform pan used in the original. I rarely post a trendy recipe while it&#039;s still trendy. But this &quot;burnt&quot; cheesecake method deserves the hype and is just plain easier — just remember the parchment paper. As it turns out, not only this recipe incredibly delicious, but it&#039;s also simple to make at home. Here&#039;s everything you need to know about this stunning Spanish sweet.', '15', '50', '10', 'uploads/cheesecake.jpg', '2024-08-29 04:20:00', '2024-08-29 04:20:00'),
(1136, 12, 'Cheesy Ensaymada', 'Ensaymada is a Filipino style brioche that are deliciously slathered with softened butter, topped with grated cheese and finished with a sprinkling of sugar. These could easily be the best homemade ensaymada you could ever make. Who could resist this soft and buttery sweet dough that is baked to become pillowy buns? Coated with buttercream frosting and topped with lots of grated cheese. The perfect mate for your coffee and tea. A warning though, one piece will never be enough.', '45', '25', '16', 'uploads/sds.jpg', '2024-08-29 04:35:40', '2024-08-29 04:35:40'),
(1137, 5, 'Pistachio Macarons', 'These pistachio macarons are made with pistachio macaron shells and filled with decadent pistachio ganache. They’re bursting with pistachio flavor!!', '20', '19', '24', 'uploads/pistachio-macaron.jpg', '2024-08-29 04:50:03', '2024-08-29 04:50:03');

-- --------------------------------------------------------

--
-- Table structure for table `users`
--

CREATE TABLE `users` (
  `User_ID` int(100) NOT NULL,
  `First_Name` varchar(50) NOT NULL,
  `Last_Name` varchar(50) NOT NULL,
  `Gender` varchar(10) NOT NULL,
  `Email` varchar(100) NOT NULL,
  `Role` text NOT NULL,
  `Password` varchar(100) NOT NULL,
  `Status` varchar(25) NOT NULL DEFAULT 'Active',
  `Created_at` timestamp NOT NULL DEFAULT current_timestamp(),
  `Update_at` timestamp NOT NULL DEFAULT current_timestamp() ON UPDATE current_timestamp()
) ENGINE=InnoDB DEFAULT CHARSET=utf8mb4 COLLATE=utf8mb4_general_ci;

--
-- Dumping data for table `users`
--

INSERT INTO `users` (`User_ID`, `First_Name`, `Last_Name`, `Gender`, `Email`, `Role`, `Password`, `Status`, `Created_at`, `Update_at`) VALUES
(2, 'Harvey', 'Pedrosa', 'Male', 'pedrosaqharveyq@gmail.com', 'Admin', '$2y$10$jj4w/uWFMHRlx6gh0x6KfuV3c8A6pLan5Kpb..no2m0sZLXFc6Nye', 'Active', '2024-06-05 20:30:02', '2024-07-15 06:51:30'),
(3, 'Patrick', 'Morshe', 'Male', 'pedrosaqharveyq01@gmail.com', 'Baker', '$2y$10$Sd015avLPCm33IgLF33w/OQTq3lPFoKIS6foLrXYyP3QPfeD1AHkG', 'Active', '2024-06-05 20:30:58', '2024-06-07 06:40:57'),
(4, 'Divine', 'Raquel', 'Female', 'imdivineraquel@gmail.com', 'Baker', '$2y$10$RQiNfzEAD7yPLx7sqWMsA.QhiqyNBANHQiQ7Zl/g.8nBTOUFIS0Pa', 'Active', '2024-06-05 22:49:24', '2024-07-15 03:21:01'),
(5, 'Nicholas', 'Nelson', 'Male', 'pedrosanick@gmail.com', 'Baker', '$2y$10$QWlEN19wXAusEH6RqZToWOZJNVYcJoz5giw6kxzbT.rjJMnSUbrcO', 'Active', '2024-06-13 11:44:35', '2024-06-15 06:41:56'),
(12, 'Anna M.', 'Bernice', 'Female', 'Anna_1239@outlook.com', 'Baker', '$2y$10$TmVPeUHFYnomu1WaK.JpYeB0vRsCpG1hr5rvWyRw.gBTtyGNzQIe.', 'Active', '2024-08-13 10:20:29', '2024-08-15 06:42:58'),
(15, 'Mark Anthony T.', 'Holasca', 'Male', 'holascamark@gmail.com', 'Admin', '$2y$10$84U8w5wM0kXwrsgURzi51e4W9eiuZBli2dtY.hO5B33.c2kRDWJ3m', 'Active', '2024-09-12 06:50:07', '2024-09-12 06:50:07'),
(16, 'Ella Mae', 'Garcia', 'Female', 'gellamae122@gmail.com', 'Baker', '$2y$10$BD6Troo9is5kEQPHgSYI.Oj6HE4nF1X8BeFRiourW1wNmt98GfdpC', 'Active', '2024-09-12 06:52:16', '2024-09-12 06:52:16'),
(17, 'Lyndon', 'Pedrosa', 'Male', 'lyndonpedra0111@outlook.com', 'Admin', '$2y$10$8jSuyhykR8x43tuBLTPInesgVxN74JF4FOS.4HTreoHBufg.y3VyW', 'Deactivated', '2024-06-12 06:52:53', '2024-08-10 06:52:59'),
(18, 'Joan Margaret', 'Colasito', 'Female', 'joanacola@gmail.com', 'Baker', '$2y$10$iliq9eW/ux16p4QPDYrvUeM0VCtHl0DDvEZAZuEG060AifAGXjMky', 'Active', '2024-09-12 06:53:33', '2024-09-12 06:53:33'),
(19, 'Hannel', 'Maurillo', 'Female', 'hannel_maurillo22@outlook.com', 'Baker', '$2y$10$9bQhgEb5dFSTQlsnVQTm7uABNsoKWN8HXi75KkWGogcNc2aEv46Z.', 'Active', '2024-09-12 06:57:19', '2024-09-12 06:57:19'),
(20, 'Harry', 'Benedict', 'Male', 'beneclick1222@gmail.com', 'Baker', '$2y$10$CEDY7pgrPs5Pw/CLaLxHR.CS0LOiKrWzgGv7hE5RZhvr54ESqoq5K', 'Deactivated', '2024-09-12 06:57:53', '2024-09-12 06:57:57'),
(21, 'Bevirlie Jane', 'Ladrera', 'Female', 'bev123@gmail.com', 'Baker', '$2y$10$ZHcJKl.dLtePglzkKlar7.EoSLTWQHOlQ//H4IZIJMeQq/i/T3jEe', 'Active', '2024-09-12 06:58:59', '2024-09-12 06:58:59');

--
-- Indexes for dumped tables
--

--
-- Indexes for table `ingredients`
--
ALTER TABLE `ingredients`
  ADD PRIMARY KEY (`Ingredient_ID`);

--
-- Indexes for table `rcp_categories`
--
ALTER TABLE `rcp_categories`
  ADD PRIMARY KEY (`Category_ID`);

--
-- Indexes for table `rcp_ingredients`
--
ALTER TABLE `rcp_ingredients`
  ADD PRIMARY KEY (`Rcp_ingredient_ID`),
  ADD UNIQUE KEY `Ingredient_ID` (`Ingredient_ID`),
  ADD KEY `Recipe_ID` (`Recipe_ID`);

--
-- Indexes for table `rcp_num_categories`
--
ALTER TABLE `rcp_num_categories`
  ADD PRIMARY KEY (`Rcp_category_ID`),
  ADD KEY `Foreign_Key` (`Recipe_ID`,`Category_ID`),
  ADD KEY `rcp_num_categories_ibfk_2` (`Category_ID`);

--
-- Indexes for table `rcp_reminders`
--
ALTER TABLE `rcp_reminders`
  ADD PRIMARY KEY (`Rcp_reminder_ID`),
  ADD KEY `Foreign_Key` (`Recipe_ID`);

--
-- Indexes for table `rcp_steps`
--
ALTER TABLE `rcp_steps`
  ADD PRIMARY KEY (`Rcp_step_ID`),
  ADD KEY `Foreign_Key` (`Recipe_ID`) USING BTREE;

--
-- Indexes for table `recipes`
--
ALTER TABLE `recipes`
  ADD PRIMARY KEY (`Recipe_ID`),
  ADD KEY `Foreign_Key2` (`User_ID`) USING BTREE;

--
-- Indexes for table `users`
--
ALTER TABLE `users`
  ADD PRIMARY KEY (`User_ID`),
  ADD UNIQUE KEY `User_verify` (`Email`) USING BTREE;

--
-- AUTO_INCREMENT for dumped tables
--

--
-- AUTO_INCREMENT for table `ingredients`
--
ALTER TABLE `ingredients`
  MODIFY `Ingredient_ID` int(255) NOT NULL AUTO_INCREMENT, AUTO_INCREMENT=1741;

--
-- AUTO_INCREMENT for table `rcp_categories`
--
ALTER TABLE `rcp_categories`
  MODIFY `Category_ID` int(100) NOT NULL AUTO_INCREMENT, AUTO_INCREMENT=170;

--
-- AUTO_INCREMENT for table `rcp_ingredients`
--
ALTER TABLE `rcp_ingredients`
  MODIFY `Rcp_ingredient_ID` bigint(100) NOT NULL AUTO_INCREMENT, AUTO_INCREMENT=1872;

--
-- AUTO_INCREMENT for table `rcp_num_categories`
--
ALTER TABLE `rcp_num_categories`
  MODIFY `Rcp_category_ID` bigint(100) NOT NULL AUTO_INCREMENT, AUTO_INCREMENT=765;

--
-- AUTO_INCREMENT for table `rcp_reminders`
--
ALTER TABLE `rcp_reminders`
  MODIFY `Rcp_reminder_ID` bigint(100) NOT NULL AUTO_INCREMENT, AUTO_INCREMENT=366;

--
-- AUTO_INCREMENT for table `rcp_steps`
--
ALTER TABLE `rcp_steps`
  MODIFY `Rcp_step_ID` bigint(100) NOT NULL AUTO_INCREMENT, AUTO_INCREMENT=1190;

--
-- AUTO_INCREMENT for table `recipes`
--
ALTER TABLE `recipes`
  MODIFY `Recipe_ID` int(255) NOT NULL AUTO_INCREMENT, AUTO_INCREMENT=1138;

--
-- AUTO_INCREMENT for table `users`
--
ALTER TABLE `users`
  MODIFY `User_ID` int(100) NOT NULL AUTO_INCREMENT, AUTO_INCREMENT=22;

--
-- Constraints for dumped tables
--

--
-- Constraints for table `rcp_ingredients`
--
ALTER TABLE `rcp_ingredients`
  ADD CONSTRAINT `rcp_ingredients_ibfk_4` FOREIGN KEY (`Recipe_ID`) REFERENCES `recipes` (`Recipe_ID`) ON DELETE CASCADE ON UPDATE CASCADE,
  ADD CONSTRAINT `rcp_ingredients_ibfk_5` FOREIGN KEY (`Ingredient_ID`) REFERENCES `ingredients` (`Ingredient_ID`) ON DELETE CASCADE ON UPDATE CASCADE;

--
-- Constraints for table `rcp_num_categories`
--
ALTER TABLE `rcp_num_categories`
  ADD CONSTRAINT `rcp_num_categories_ibfk_1` FOREIGN KEY (`Recipe_ID`) REFERENCES `recipes` (`Recipe_ID`) ON DELETE CASCADE ON UPDATE CASCADE,
  ADD CONSTRAINT `rcp_num_categories_ibfk_2` FOREIGN KEY (`Category_ID`) REFERENCES `rcp_categories` (`Category_ID`) ON DELETE CASCADE ON UPDATE CASCADE;

--
-- Constraints for table `rcp_reminders`
--
ALTER TABLE `rcp_reminders`
  ADD CONSTRAINT `rcp_reminders_ibfk_1` FOREIGN KEY (`Recipe_ID`) REFERENCES `recipes` (`Recipe_ID`) ON DELETE CASCADE ON UPDATE CASCADE;

--
-- Constraints for table `rcp_steps`
--
ALTER TABLE `rcp_steps`
  ADD CONSTRAINT `rcp_steps_ibfk_1` FOREIGN KEY (`Recipe_ID`) REFERENCES `recipes` (`Recipe_ID`) ON DELETE CASCADE ON UPDATE CASCADE;

--
-- Constraints for table `recipes`
--
ALTER TABLE `recipes`
  ADD CONSTRAINT `recipes_ibfk_1` FOREIGN KEY (`User_ID`) REFERENCES `users` (`User_ID`) ON UPDATE CASCADE;
COMMIT;

/*!40101 SET CHARACTER_SET_CLIENT=@OLD_CHARACTER_SET_CLIENT */;
/*!40101 SET CHARACTER_SET_RESULTS=@OLD_CHARACTER_SET_RESULTS */;
/*!40101 SET COLLATION_CONNECTION=@OLD_COLLATION_CONNECTION */;
